-- phpMyAdmin SQL Dump
-- version 5.2.0
-- https://www.phpmyadmin.net/
--
-- Hôte : db:3306
-- Généré le : mar. 09 mai 2023 à 08:21
-- Version du serveur : 10.4.24-MariaDB-1:10.4.24+maria~focal
-- Version de PHP : 8.0.19

SET SQL_MODE = "NO_AUTO_VALUE_ON_ZERO";
START TRANSACTION; {dzeze}
SET time_zone = "+00:00"; 


/*!40101 SET @OLD_CHARACTER_SET_CLIENT=@@CHARACTER_SET_CLIENT */;
/*!40101 SET @OLD_CHARACTER_SET_RESULTS=@@CHARACTER_SET_RESULTS */;
/*!40101 SET @OLD_COLLATION_CONNECTION=@@COLLATION_CONNECTION */;
/*!40101 SET NAMES utf8mb4 */;

--
-- Base de données : `riledhou`
--

-- --------------------------------------------------------

--
-- Structure de la table `AEMPORTER`
--

CREATE TABLE `AEMPORTER` (
  `IDCOMMANDE_HER_1` int(11) NOT NULL,
  `IDCOMMANDE` int(11) NOT NULL,
  `ID_USER` bigint(20) UNSIGNED NOT NULL,
  `HEURERETRAIT` datetime DEFAULT NULL,
  `CODERETRAIT` text DEFAULT NULL
) ENGINE=InnoDB DEFAULT CHARSET=latin1;

--
-- Déchargement des données de la table `AEMPORTER`
--

INSERT INTO `AEMPORTER` (`IDCOMMANDE_HER_1`, `IDCOMMANDE`, `ID_USER`, `HEURERETRAIT`, `CODERETRAIT`) VALUES
(82, 82, 1, '2022-12-21 23:26:58', 'P9SFX'),
(83, 83, 1, '2022-12-21 23:27:50', 'PWJAQ'),
(84, 84, 1, '2022-12-21 23:28:13', 'ZHZQZ'),
(85, 85, 1, '2022-12-21 23:29:25', 'XOVYZ'),
(86, 86, 1, '2022-12-21 23:30:42', '07X3C'),
(87, 87, 1, '2022-12-21 23:33:21', 'J4XCE'),
(88, 88, 1, '2022-12-21 23:33:40', 'CT2CU'),
(89, 89, 1, '2022-12-21 23:37:19', 'NRLDS'),
(90, 90, 1, '2022-12-21 23:42:12', 'AYPFL'),
(91, 91, 1, '2022-12-21 23:43:25', 'KB4N1'),
(92, 92, 1, '2022-12-21 23:45:17', 'PM9SB'),
(93, 93, 1, '2022-12-21 23:45:53', 'RCV1I'),
(94, 94, 1, '2022-12-21 23:47:36', 'FW4T1'),
(95, 95, 1, '2022-12-21 23:47:54', 'ZE3OH'),
(96, 96, 1, '2022-12-21 23:49:17', 'CS71E'),
(97, 97, 1, '2022-12-21 23:50:05', 'TAPV9'),
(98, 98, 1, '2022-12-21 23:50:23', 'C6WM3'),
(99, 99, 1, '2022-12-21 23:51:41', '76CEW'),
(100, 100, 1, '2022-12-21 23:54:51', 'CBIGG'),
(101, 101, 1, '2022-12-21 23:56:46', 'H6OXG'),
(102, 102, 1, '2022-12-21 23:56:50', 'QFVUB'),
(103, 103, 1, '2022-12-21 23:57:41', 'L6NJW'),
(104, 104, 1, '2022-12-21 23:58:53', 'EWM1Q'),
(105, 105, 1, '2022-12-21 23:59:30', 'M2KKW'),
(106, 106, 1, '2022-12-22 00:00:06', 'DSODE'),
(107, 107, 1, '2022-12-22 00:12:22', 'CTGFE'),
(108, 108, 1, '2022-12-22 13:26:26', 'SXNW7'),
(109, 109, 1, '2022-12-22 13:29:10', '6MPJI'),
(110, 110, 1, '2022-12-22 13:30:15', 'WQOD9'),
(111, 111, 1, '2022-12-22 13:30:50', 'PML81'),
(112, 112, 1, '2022-12-22 13:33:33', '8W9QV'),
(113, 113, 1, '2022-12-22 13:34:24', 'RDJLI'),
(114, 114, 1, '2022-12-22 13:34:40', 'YZ8JR'),
(115, 115, 1, '2022-12-22 13:34:59', 'AO99I'),
(116, 116, 1, '2022-12-22 13:41:21', 'DF4YY'),
(117, 117, 1, '2022-12-22 13:46:16', 'IZXNZ'),
(118, 118, 1, '2022-12-22 13:46:34', 'CGVIV'),
(121, 121, 1, '2022-12-22 13:57:51', '42PM7'),
(122, 122, 1, '2022-12-22 14:10:54', 'II24T'),
(123, 123, 1, '2022-12-22 14:11:26', '8KARH'),
(124, 124, 1, '2022-12-22 14:12:17', 'TZZDZ'),
(125, 125, 1, '2022-12-22 14:12:21', 'IYZF4'),
(126, 126, 1, '2022-12-22 14:14:17', 'L0OFA'),
(127, 127, 1, '2022-12-22 14:14:40', 'X2IVH'),
(128, 128, 1, '2022-12-22 14:15:25', 'O9M5Y'),
(129, 129, 1, '2022-12-22 14:15:38', 'UZSUV'),
(130, 130, 1, '2022-12-22 14:16:22', 'T8KVG'),
(131, 131, 1, '2022-12-22 14:21:32', 'GF8CD'),
(132, 132, 1, '2022-12-22 14:24:01', 'UE40W'),
(133, 133, 1, '2022-12-22 14:24:43', 'IXVAL'),
(134, 134, 1, '2022-12-22 14:25:18', 'R8VBZ'),
(135, 135, 1, '2022-12-22 14:26:42', 'HF2B6'),
(136, 136, 1, '2022-12-22 14:31:08', 'PI2HI'),
(137, 137, 1, '2022-12-22 14:31:37', 'OSUM1'),
(139, 139, 1, '2023-01-06 14:58:16', 'B9RKC'),
(140, 140, 1, '2023-01-06 14:58:36', '6040K'),
(147, 147, 1, '2023-01-11 15:15:47', '7BNST'),
(154, 154, 1, '2023-01-11 18:08:35', 'JWCWY'),
(156, 156, 1, '2023-01-11 18:17:06', 'JCRXF'),
(161, 161, 1, '2023-01-11 18:40:19', '3TXWC'),
(162, 162, 1, '2023-01-11 18:42:30', 'Y45DS'),
(164, 164, 1, '2023-01-11 18:49:48', 'VDJUN'),
(168, 168, 3, '2023-01-11 18:51:21', 'GVDPX'),
(170, 170, 3, '2023-01-11 18:53:44', 'GGOZG'),
(171, 171, 3, '2023-01-11 18:54:12', 'REQCM'),
(203, 203, 1, '2023-01-12 16:56:12', 'CKVB4'),
(205, 205, 1, '2023-01-12 16:56:45', 'IL5VB'),
(206, 206, 1, '2023-01-12 17:28:08', 'FK10F'),
(207, 207, 1, '2023-01-12 17:29:25', '3MVW1'),
(208, 208, 1, '2023-01-13 13:28:40', '8JCVK'),
(210, 210, 1, '2023-01-13 14:03:53', 'ANVDI'),
(221, 221, 1, '2023-01-20 14:25:30', 'GPVEB'),
(222, 222, 1, '2023-01-20 14:26:24', 'SF7RG'),
(223, 223, 1, '2023-01-20 14:27:20', 'JLD8X'),
(224, 224, 1, '2023-01-20 14:27:37', '9YUWJ'),
(225, 225, 1, '2023-01-20 14:29:13', 'NXVWL'),
(226, 226, 1, '2023-01-20 14:29:56', '98S8R'),
(227, 227, 1, '2023-01-20 14:32:16', 'MYCAS'),
(228, 228, 1, '2023-01-20 14:33:23', 'DUAR4'),
(229, 229, 1, '2023-01-20 14:34:17', 'KPTPP'),
(230, 230, 1, '2023-01-20 14:36:10', 'FSKCR'),
(231, 231, 1, '2023-01-20 14:36:28', 'AXGDU'),
(232, 232, 1, '2023-01-20 14:37:06', 'ZBGMH'),
(233, 233, 1, '2023-01-20 14:39:27', '2YH5O'),
(234, 234, 1, '2023-01-20 14:39:49', 'VJKF4'),
(235, 235, 1, '2023-01-20 14:43:24', 'LFKEZ'),
(236, 236, 1, '2023-01-20 14:44:08', 'INVGH'),
(237, 237, 1, '2023-01-20 14:45:27', '3Q8R6'),
(238, 238, 1, '2023-01-20 14:46:21', 'TIC2J'),
(239, 239, 1, '2023-01-20 14:46:36', 'HIP2I'),
(240, 240, 1, '2023-01-20 14:46:50', 'T6MFX'),
(241, 241, 1, '2023-01-20 14:53:02', '35M6E'),
(242, 242, 1, '2023-01-20 14:53:19', '3QBF7'),
(243, 243, 1, '2023-01-20 14:54:02', 'DVYEP'),
(244, 244, 1, '2023-01-20 14:54:12', 'NZLHU'),
(245, 245, 1, '2023-01-20 14:54:41', '6Q4Y8'),
(246, 246, 1, '2023-01-20 14:54:52', 'QRX2N'),
(247, 247, 1, '2023-01-20 15:27:30', 'QUCYF'),
(248, 248, 1, '2023-01-20 15:28:06', 'NS42G'),
(249, 249, 1, '2023-01-20 15:28:39', 'HYI2A'),
(250, 250, 1, '2023-01-20 15:29:17', 'WJSJ5'),
(251, 251, 1, '2023-01-20 15:29:45', 'JXEGO'),
(252, 252, 1, '2023-01-20 15:30:20', 'B4WKG'),
(253, 253, 1, '2023-01-20 15:30:31', '2PZLF'),
(254, 254, 1, '2023-01-20 15:30:37', 'LS0R6'),
(255, 255, 1, '2023-01-20 15:31:23', 'RHIJF'),
(256, 256, 1, '2023-01-20 15:31:52', 'YJ64J'),
(257, 257, 1, '2023-01-20 15:32:12', '6VPEH'),
(258, 258, 1, '2023-01-20 15:32:57', 'YTJOI'),
(259, 259, 1, '2023-01-20 15:35:26', '3RAXK'),
(260, 260, 1, '2023-01-20 15:35:40', 'H2IVZ'),
(261, 261, 1, '2023-01-20 15:37:23', 'ZZDEX'),
(262, 262, 1, '2023-01-20 15:39:40', 'FOQOT'),
(263, 263, 1, '2023-01-20 15:40:10', '9BTEW'),
(264, 264, 1, '2023-01-20 15:41:49', 'FKDXZ'),
(265, 265, 1, '2023-01-20 15:43:04', 'JG5FK'),
(266, 266, 1, '2023-01-20 15:43:52', 'KESB0'),
(268, 268, 1, '2023-01-20 15:59:02', 'SV4GM'),
(269, 269, 1, '2023-01-20 15:59:23', 'BMMMT'),
(270, 270, 1, '2023-01-20 15:59:52', 'XO7C1'),
(271, 271, 1, '2023-01-20 16:00:12', '5MOBT'),
(272, 272, 1, '2023-01-20 16:01:08', 'VONYY'),
(273, 273, 1, '2023-01-20 16:02:42', 'G9ZQM'),
(274, 274, 1, '2023-01-20 16:55:39', 'H5P5I'),
(275, 275, 1, '2023-01-20 16:56:47', '384UH'),
(276, 276, 1, '2023-01-20 17:57:54', 'VV5C7'),
(277, 277, 7, '2023-01-27 17:48:07', 'PC6CM'),
(278, 278, 8, '2023-01-27 17:48:27', 'NCYWE'),
(279, 279, 8, '2023-04-06 10:57:17', 'TUXKA'),
(280, 280, 8, '2023-04-06 10:58:12', 'RV03V'),
(281, 281, 8, '2023-04-13 17:13:50', '4EZXU'),
(282, 282, 8, '2023-04-14 13:28:41', 'QOTHU'),
(283, 283, 8, '2023-04-14 13:29:43', 'G7JRI'),
(284, 284, 8, '2023-04-14 13:29:47', 'ETPM9'),
(285, 285, 8, '2023-04-14 13:29:51', '0XXMO'),
(286, 286, 8, '2023-04-14 13:29:54', 'SVDP2'),
(287, 287, 8, '2023-04-14 13:30:14', 'NIVJC'),
(288, 288, 8, '2023-04-14 13:31:34', 'CCXCQ'),
(289, 289, 8, '2023-04-14 13:31:52', 'KOF2B'),
(290, 290, 8, '2023-04-14 13:32:05', 'D1MBI'),
(296, 296, 8, '2023-04-14 15:10:18', 'CEFMR'),
(298, 298, 8, '2023-04-14 15:11:25', 'CWAS1'),
(300, 300, 8, '2023-04-14 15:54:33', '5GVLV'),
(309, 309, 1, '2023-04-14 16:21:16', 'TPXFC'),
(310, 310, 1, '2023-04-14 16:21:26', '8ZZFK'),
(311, 311, 1, '2023-04-14 16:22:54', 'LNMVV'),
(327, 327, 1, '2023-05-02 09:04:55', 'P3ZEA'),
(328, 328, 1, '2023-05-02 09:05:44', 'VYXLH'),
(329, 329, 1, '2023-05-02 09:06:39', '5ICEO'),
(335, 335, 1, '2023-05-03 11:20:25', '3IHER'),
(336, 336, 1, '2023-05-03 11:20:26', 'WATCD'),
(338, 338, 1, '2023-05-04 09:27:15', '0BZJQ'),
(339, 339, 1, '2023-05-04 09:28:38', 'CYTMQ'),
(340, 340, 1, '2023-05-04 09:29:41', 'JDPHO'),
(341, 341, 1, '2023-05-04 09:32:31', 'WNKPP'),
(342, 342, 1, '2023-05-04 10:04:09', 'KGBKA'),
(344, 344, 1, '2023-05-04 10:38:55', 'UY2AF'),
(345, 345, 14, '2023-05-04 10:42:33', 'UVYTS'),
(348, 348, 1, '2023-05-08 12:10:03', '9WNDC'),
(349, 349, 1, '2023-05-08 12:10:39', '1NPDM'),
(350, 350, 1, '2023-05-08 12:11:00', 'V6XTL'),
(351, 351, 1, '2023-05-08 12:12:32', 'NGG2Z'),
(353, 353, 8, '2023-05-09 09:11:21', 'D3S16'),
(354, 354, 8, '2023-05-09 09:11:26', '25ROL');

--
-- Déclencheurs `AEMPORTER`
--
DELIMITER $$
CREATE TRIGGER `coderetrait_upper` BEFORE INSERT ON `AEMPORTER` FOR EACH ROW set new.CODERETRAIT = upper(new.CODERETRAIT)
$$
DELIMITER ;

-- --------------------------------------------------------

--
-- Structure de la table `ALLERGENE`
--

CREATE TABLE `ALLERGENE` (
  `ID_ALLERGENE` int(11) NOT NULL,
  `LIBALLERGENE` char(32) DEFAULT NULL
) ENGINE=InnoDB DEFAULT CHARSET=latin1;

--
-- Déchargement des données de la table `ALLERGENE`
--

INSERT INTO `ALLERGENE` (`ID_ALLERGENE`, `LIBALLERGENE`) VALUES
(1, 'Arachide'),
(2, 'Lait'),
(3, 'Celeri'),
(4, 'Amidon');

-- --------------------------------------------------------

--
-- Structure de la table `BARMAN`
--

CREATE TABLE `BARMAN` (
  `ID_USER` int(11) NOT NULL,
  `ID_BAR` int(11) NOT NULL,
  `ESTDIRIGEANT` tinyint(1) DEFAULT 0,
  `DATE_ARRIVER` datetime DEFAULT NULL,
  `DATE_DEPART` datetime DEFAULT NULL,
  `ESTBARMAN` tinyint(1) NOT NULL DEFAULT 1,
  `NOM` varchar(32) DEFAULT NULL,
  `PRENOM` varchar(32) DEFAULT NULL,
  `MAIL` varchar(40) DEFAULT NULL,
  `MDP` varchar(255) DEFAULT NULL
) ENGINE=InnoDB DEFAULT CHARSET=latin1;

--
-- Déchargement des données de la table `BARMAN`
--

INSERT INTO `BARMAN` (`ID_USER`, `ID_BAR`, `ESTDIRIGEANT`, `DATE_ARRIVER`, `DATE_DEPART`, `ESTBARMAN`, `NOM`, `PRENOM`, `MAIL`, `MDP`) VALUES
(1, 1, 1, '2022-12-01 00:00:00', NULL, 1, 'Richard', 'Mylan', 'mylan2003@hotmail.fr', '$2y$10$mmvd6uVpHlpk2J3H1cmr9u9u1IF4qW7TbbferVjUO/ZXb7BtYMeHa'),
(2, 2, 1, '2022-12-22 00:00:00', NULL, 1, 'le guen', 'elliot', 'elliot.leguen@gmail.com', '$2y$10$LdaoZPKutgVHkT1aSnr/Dez12zOSkIvALQainNyO8sI7MZCbw855.'),
(15, 4, 1, '2023-02-03 12:56:47', NULL, 1, 'Le Guen', 'Elliot', 'test@test.fr', '$2y$10$l1AXx8hKa0xR0V8vzPO3meEH3U2noH7n0bmtq4r8Jm9dlClyjNKHC'),
(17, 5, 0, '2023-02-06 12:12:18', NULL, 1, 'aze', 'azeaze', 'aze@aze.fr', '$2y$10$.QjoWRFVkeDnjBUcE/hFF.2lBlmL.8/CqrQhxrw2QqKWqNKPNKQqG'),
(18, 2, 0, '2023-04-06 10:06:58', NULL, 1, 'Richard', 'Mylan', 'mylan2003@hotmail.com', '$2y$10$L8XTK1JdH2uzqws4W/Eu9OroDBNrrx8QYyjx94CzaKWMrPcsMab5.'),
(20, 12, 1, '2023-04-05 13:37:57', NULL, 1, 'aze', 'aze', 'df@df.fr', 'df'),
(22, 4, 0, '2023-05-09 08:29:35', NULL, 1, 'Brosseau', 'Valentin', 'valentin.brosseau@gmail.com', '$2b$10$x8x9mJEGNAW7.yxd4Jhr/ubW6QHiO4zOwoyH4KPWvjC2rilFf7rfS'),
(23, 4, 0, '2023-05-09 08:30:07', NULL, 1, 'Autret', 'Karine', 'karine.autret@gmail.com', '$2b$10$A8tGlH28nvvqqxV9oYvcieloCSiprHGX6.fsF5/W4Q0Bp6YDCD54C'),
(24, 4, 0, '2023-05-09 08:30:47', NULL, 1, 'Richard', 'Mylan', 'mylan2003@hotmail.fr', '$2b$10$QD6vIvjZ3PzD4BD/BYl4G.kQ8WXou39HUVyhAv22luTe5cvWVOZei');

-- --------------------------------------------------------

--
-- Structure de la table `BARS`
--

CREATE TABLE `BARS` (
  `ID_BAR` int(11) NOT NULL,
  `ID_TYPE` int(11) NOT NULL,
  `PHOTOBAR` varchar(255) NOT NULL,
  `NOMBAR` char(32) DEFAULT NULL,
  `OUVERTURE` time DEFAULT NULL,
  `FERMETURE` time DEFAULT NULL,
  `ADRESSE` char(128) DEFAULT NULL
) ENGINE=InnoDB DEFAULT CHARSET=latin1;

--
-- Déchargement des données de la table `BARS`
--

INSERT INTO `BARS` (`ID_BAR`, `ID_TYPE`, `PHOTOBAR`, `NOMBAR`, `OUVERTURE`, `FERMETURE`, `ADRESSE`) VALUES
(1, 1, 'https://img.freepik.com/photos-premium/bar-comptoir-rustique-tabourets-sous-arbre-decoratif_175935-787.jpg?size=626&ext=jpg&uid=R39058547', 'Yost Inc', '22:50:53', '22:50:53', '8521 Heath Wall'),
(2, 3, 'https://img.freepik.com/photos-gratuite/plan-large-bouteilles-verres-vitrine-dans-bar-hotel-scandic-copenhague-danemark_181624-2920.jpg?size=626&ext=jpg&uid=R39058547', 'Le Café Breton', '17:28:21', '22:50:53', '76283 Mills Plain'),
(3, 1, 'https://img.freepik.com/photos-premium/arriere-plan-flou-bokeh-bar-vie-nocturne-style-vie-fond-urbain-abstrait_548821-5418.jpg?size=626&ext=jpg&uid=R39058547', 'Le Celtic Pub', '13:35:11', '22:50:53', '5168 Eileen Corners Apt. 059'),
(4, 2, 'https://img.freepik.com/photos-gratuite/restaurant-luxe-interieur-bar-lustres-meubles_114579-2341.jpg?size=626&ext=jpg&uid=R39058547', 'Le Bathyscaphe', '00:14:30', '22:50:53', '1222 Callie Estates'),
(5, 1, 'https://img.freepik.com/photos-premium/table-restaurant-italien-decoree-briques-cadres-lumiere-chaude_43263-2102.jpg?size=626&ext=jpg&uid=R39058547', 'La guignette', '07:14:09', '22:50:53', '303 Alysa Place Suite 476'),
(6, 3, 'https://img.freepik.com/photos-premium/comptoir-bar-vide_172251-446.jpg?size=626&ext=jpg&uid=R39058547', 'Le P\'tit Bedon', '12:32:59', '22:50:53', '73630 Marlene Trafficway Suite 240'),
(7, 1, 'https://img.freepik.com/photos-gratuite/bar-cocktails-flou-ferme_1203-473.jpg?size=626&ext=jpg&uid=R39058547', 'Le Maltess\n', '12:58:38', '22:50:53', '117 Funk Lodge'),
(8, 2, 'https://img.freepik.com/photos-premium/arriere-plan-flou-du-comptoir-bar-bois-classique-chaises-vides-alcool-arriere-plan_281858-2635.jpg?size=626&ext=jpg&uid=R39058547', 'Le Red Lion', '19:28:10', '22:50:53', '68430 Gardner Trail Apt. 541'),
(9, 1, 'https://img.freepik.com/photos-premium/salon-coiffure-salon-coiffure-salon-coiffure-fond-flou_81856-105.jpg?size=626&ext=jpg&uid=R39058547&semt=robertav1_2_sidr', 'L\'Hermine Blanche', '22:48:38', '22:50:53', '2766 Elissa Lights'),
(10, 3, 'https://img.freepik.com/photos-gratuite/restaurant-flou-background_1385-174.jpg?size=626&ext=jpg&uid=R39058547&semt=robertav1_2_sidr', 'L\'Estaminet', '03:21:54', '22:50:53', '41639 Roob Camp'),
(11, 2, 'https://img.freepik.com/photos-gratuite/cafe-au-cafe-blur-restaurant-au-bokeh_1421-472.jpg?size=626&ext=jpg&uid=R39058547&semt=robertav1_2_sidr', 'Le Tournesol', '20:15:50', '22:50:53', '33337 Donnelly Meadows Apt. 962'),
(12, 3, 'https://img.freepik.com/photos-gratuite/lumieres-ville-floue_23-2148139079.jpg?size=626&ext=jpg&uid=R39058547&semt=robertav1_2_sidr', 'Le Café du Port', '21:47:40', '22:50:53', '127 Roman Views Apt. 313'),
(13, 3, 'https://img.freepik.com/photos-premium/videz-haut-table-bois-comptoir-flou-bouteilles_254791-936.jpg?size=626&ext=jpg&uid=R39058547&semt=robertav1_2_sidr', 'Le Kraken', '18:53:54', '22:50:53', '96672 Runolfsson Road'),
(14, 2, 'https://img.freepik.com/photos-gratuite/guirlande-lumineuse-fond-flou_23-2148056725.jpg?size=626&ext=jpg&uid=R39058547&semt=robertav1_2_sidr', 'L\'Horloge', '17:59:01', '22:50:53', '19217 Veum Shores'),
(15, 3, 'https://img.freepik.com/photos-gratuite/toile-fond-produit-urbain-image-arriere-plan-flou_53876-145558.jpg?size=626&ext=jpg&uid=R39058547&semt=robertav1_2_sidr', 'Le Chat Noir', '01:03:05', '22:50:53', '26834 Torp Corner Apt. 778');

-- --------------------------------------------------------

--
-- Structure de la table `BOISSON`
--

CREATE TABLE `BOISSON` (
  `ID_PRODUIT` int(11) NOT NULL,
  `ESTALCOOLISE` tinyint(1) DEFAULT NULL,
  `DEGREALCOOL` bigint(4) DEFAULT NULL,
  `VOLUME` bigint(4) DEFAULT NULL
) ENGINE=InnoDB DEFAULT CHARSET=latin1;

--
-- Déchargement des données de la table `BOISSON`
--

INSERT INTO `BOISSON` (`ID_PRODUIT`, `ESTALCOOLISE`, `DEGREALCOOL`, `VOLUME`) VALUES
(3, 0, NULL, 21),
(5, 0, NULL, 13),
(10, 0, NULL, 17),
(11, 1, 11, 16),
(13, 1, 17, 20),
(14, 1, 17, 15),
(17, 1, 18, 18),
(126, 1, 10, 10),
(128, 1, 8, 50),
(132, 0, NULL, 33),
(133, 0, NULL, 10),
(136, 0, NULL, 7),
(137, 1, 5, 141),
(138, 1, 150, 150),
(139, 1, 14, 14);

-- --------------------------------------------------------

--
-- Structure de la table `CATEGORISER`
--

CREATE TABLE `CATEGORISER` (
  `IDALLERGENE` int(11) NOT NULL,
  `ID_PRODUIT` int(11) NOT NULL,
  `ID_ALLERGENE` int(11) NOT NULL
) ENGINE=InnoDB DEFAULT CHARSET=latin1;

--
-- Déchargement des données de la table `CATEGORISER`
--

INSERT INTO `CATEGORISER` (`IDALLERGENE`, `ID_PRODUIT`, `ID_ALLERGENE`) VALUES
(1, 1, 1),
(2, 138, 2),
(3, 139, 2),
(4, 140, 4);

-- --------------------------------------------------------

--
-- Structure de la table `CLIENTS`
--

CREATE TABLE `CLIENTS` (
  `ID_USER` int(11) NOT NULL,
  `created_at` timestamp NULL DEFAULT NULL,
  `NOM` char(32) DEFAULT NULL,
  `PRENOM` char(32) DEFAULT NULL,
  `MAIL` char(40) DEFAULT NULL,
  `MDP` varchar(255) DEFAULT NULL
) ENGINE=InnoDB DEFAULT CHARSET=latin1;

--
-- Déchargement des données de la table `CLIENTS`
--

INSERT INTO `CLIENTS` (`ID_USER`, `created_at`, `NOM`, `PRENOM`, `MAIL`, `MDP`) VALUES
(1, NULL, 'le guen', 'elliot', 'elliot.leguen@gmail.com', '$2y$10$I.NnOKG7nrMYSzly0SFswusQMFqwXfETFCt3xGVhfQJxqHbEje5Jm'),
(2, NULL, 'elliot', NULL, 'my.ri@gmail.com', '$2y$10$bSmoiYWlGVRtWvloayxZF.fabo4ybYH/QCAGj5ENthhXbXecKYe/m'),
(3, NULL, 'le guen', 'elliot', 'elliot.leguen@gmail.com', NULL);

-- --------------------------------------------------------

--
-- Structure de la table `COMMANDE`
--

CREATE TABLE `COMMANDE` (
  `IDCOMMANDE` int(11) NOT NULL,
  `HEURECOMMANDE` datetime DEFAULT NULL
) ENGINE=InnoDB DEFAULT CHARSET=latin1;

--
-- Déchargement des données de la table `COMMANDE`
--

INSERT INTO `COMMANDE` (`IDCOMMANDE`, `HEURECOMMANDE`) VALUES
(1, '2022-12-17 15:39:29'),
(2, '2022-12-17 15:40:36'),
(3, '2022-12-17 15:42:59'),
(4, '2022-12-17 16:01:52'),
(5, '2022-12-21 14:19:53'),
(6, '2022-12-21 14:22:43'),
(7, '2022-12-21 14:23:08'),
(8, '2022-12-21 14:24:18'),
(9, '2022-12-21 14:25:31'),
(10, '2022-12-21 14:25:43'),
(11, '2022-12-21 14:31:51'),
(12, '2022-12-21 14:31:59'),
(13, '2022-12-21 14:32:05'),
(14, '2022-12-21 14:38:24'),
(15, '2022-12-21 14:39:38'),
(16, '2022-12-21 14:40:18'),
(17, '2022-12-21 19:58:38'),
(18, '2022-12-21 20:06:05'),
(19, '2022-12-21 20:06:24'),
(20, '2022-12-21 20:08:42'),
(21, '2022-12-21 20:21:23'),
(22, '2022-12-21 20:22:08'),
(23, '2022-12-21 20:22:34'),
(24, '2022-12-21 20:22:42'),
(25, '2022-12-21 20:23:10'),
(26, '2022-12-21 20:31:03'),
(27, '2022-12-21 20:31:33'),
(28, '2022-12-21 20:33:38'),
(29, '2022-12-21 20:34:19'),
(30, '2022-12-21 20:36:02'),
(31, '2022-12-21 20:37:16'),
(32, '2022-12-21 20:39:28'),
(33, '2022-12-21 20:40:18'),
(34, '2022-12-21 20:40:30'),
(35, '2022-12-21 20:44:20'),
(36, '2022-12-21 20:45:15'),
(37, '2022-12-21 20:50:48'),
(38, '2022-12-21 20:52:06'),
(39, '2022-12-21 20:53:21'),
(40, '2022-12-21 20:53:42'),
(41, '2022-12-21 20:54:45'),
(42, '2022-12-21 20:55:00'),
(43, '2022-12-21 20:55:05'),
(44, '2022-12-21 20:55:09'),
(45, '2022-12-21 20:55:12'),
(46, '2022-12-21 20:55:23'),
(47, '2022-12-21 21:20:21'),
(48, '2022-12-21 21:20:41'),
(49, '2022-12-21 21:22:02'),
(50, '2022-12-21 21:25:40'),
(51, '2022-12-21 21:25:54'),
(52, '2022-12-21 21:32:54'),
(53, '2022-12-21 21:33:59'),
(54, '2022-12-21 21:41:10'),
(55, '2022-12-21 21:41:26'),
(56, '2022-12-21 21:41:32'),
(57, '2022-12-21 21:41:39'),
(58, '2022-12-21 21:43:45'),
(59, '2022-12-21 21:44:53'),
(60, '2022-12-21 21:46:06'),
(61, '2022-12-21 21:55:28'),
(62, '2022-12-21 21:56:18'),
(63, '2022-12-21 21:56:30'),
(64, '2022-12-21 21:56:59'),
(65, '2022-12-21 21:58:05'),
(66, '2022-12-21 22:04:07'),
(67, '2022-12-21 22:04:37'),
(68, '2022-12-21 22:04:49'),
(69, '2022-12-21 22:05:25'),
(70, '2022-12-21 22:06:25'),
(71, '2022-12-21 22:11:17'),
(72, '2022-12-21 22:14:46'),
(73, '2022-12-21 22:15:18'),
(74, '2022-12-21 22:15:29'),
(75, '2022-12-21 22:16:09'),
(76, '2022-12-21 22:17:34'),
(77, '2022-12-21 22:20:50'),
(78, '2022-12-21 22:21:13'),
(79, '2022-12-21 22:21:37'),
(80, '2022-12-21 22:24:58'),
(81, '2022-12-21 22:25:09'),
(82, '2022-12-21 22:26:58'),
(83, '2022-12-21 22:27:50'),
(84, '2022-12-21 22:28:13'),
(85, '2022-12-21 22:29:25'),
(86, '2022-12-21 22:30:42'),
(87, '2022-12-21 22:33:20'),
(88, '2022-12-21 22:33:40'),
(89, '2022-12-21 22:37:19'),
(90, '2022-12-21 22:42:12'),
(91, '2022-12-21 22:43:25'),
(92, '2022-12-21 22:45:17'),
(93, '2022-12-21 22:45:53'),
(94, '2022-12-21 22:47:36'),
(95, '2022-12-21 22:47:54'),
(96, '2022-12-21 22:49:17'),
(97, '2022-12-21 22:50:05'),
(98, '2022-12-21 22:50:23'),
(99, '2022-12-21 22:51:40'),
(100, '2022-12-21 22:54:51'),
(101, '2022-12-21 22:56:46'),
(102, '2022-12-21 22:56:49'),
(103, '2022-12-21 22:57:41'),
(104, '2022-12-21 22:58:52'),
(105, '2022-12-21 22:59:29'),
(106, '2022-12-21 23:00:05'),
(107, '2022-12-21 23:12:22'),
(108, '2022-12-22 12:26:25'),
(109, '2022-12-22 12:29:10'),
(110, '2022-12-22 12:30:14'),
(111, '2022-12-22 12:30:50'),
(112, '2022-12-22 12:33:32'),
(113, '2022-12-22 12:34:24'),
(114, '2022-12-22 12:34:40'),
(115, '2022-12-22 12:34:59'),
(116, '2022-12-22 12:41:20'),
(117, '2022-12-22 12:46:16'),
(118, '2022-12-22 12:46:34'),
(119, '2022-12-22 12:54:34'),
(120, '2022-12-22 12:56:15'),
(121, '2022-12-22 12:57:51'),
(122, '2022-12-22 13:10:54'),
(123, '2022-12-22 13:11:26'),
(124, '2022-12-22 13:12:17'),
(125, '2022-12-22 13:12:20'),
(126, '2022-12-22 13:14:17'),
(127, '2022-12-22 13:14:39'),
(128, '2022-12-22 13:15:25'),
(129, '2022-12-22 13:15:37'),
(130, '2022-12-22 13:16:22'),
(131, '2022-12-22 13:21:32'),
(132, '2022-12-22 13:24:01'),
(133, '2022-12-22 13:24:43'),
(134, '2022-12-22 13:25:18'),
(135, '2022-12-22 13:26:41'),
(136, '2022-12-22 13:31:08'),
(137, '2022-12-22 13:31:37'),
(138, '2022-12-22 18:21:07'),
(139, '2023-01-06 13:58:15'),
(140, '2023-01-06 13:58:36'),
(141, '2023-01-06 13:59:14'),
(142, '2023-01-06 13:59:50'),
(143, '2023-01-06 15:31:28'),
(144, '2023-01-11 14:14:26'),
(145, '2023-01-11 14:14:46'),
(146, '2023-01-11 14:15:18'),
(147, '2023-01-11 14:15:47'),
(148, '2023-01-11 14:15:55'),
(149, '2023-01-11 14:16:06'),
(150, '2023-01-11 15:57:06'),
(151, '2023-01-11 15:57:39'),
(152, '2023-01-11 15:59:41'),
(153, '2023-01-11 17:08:35'),
(154, '2023-01-11 17:12:40'),
(155, '2023-01-11 17:16:53'),
(156, '2023-01-11 17:17:06'),
(157, '2023-01-11 17:27:04'),
(158, '2023-01-11 17:27:42'),
(159, '2023-01-11 17:32:52'),
(160, '2023-01-11 17:39:18'),
(161, '2023-01-11 17:40:18'),
(162, '2023-01-11 17:42:29'),
(163, '2023-01-11 17:49:35'),
(164, '2023-01-11 17:49:48'),
(165, '2023-01-11 17:50:39'),
(166, '2023-01-11 17:50:47'),
(167, '2023-01-11 17:51:17'),
(168, '2023-01-11 17:51:21'),
(169, '2023-01-11 17:52:10'),
(170, '2023-01-11 17:53:43'),
(171, '2023-01-11 17:54:11'),
(172, '2023-01-11 17:59:42'),
(173, '2023-01-11 17:59:52'),
(174, '2023-01-11 18:00:16'),
(175, '2023-01-11 20:03:27'),
(176, '2023-01-11 20:04:12'),
(177, '2023-01-11 20:04:35'),
(178, '2023-01-11 20:06:37'),
(179, '2023-01-11 20:08:36'),
(180, '2023-01-11 20:08:50'),
(181, '2023-01-11 20:16:10'),
(182, '2023-01-11 20:17:37'),
(183, '2023-01-11 20:17:47'),
(184, '2023-01-11 20:21:58'),
(185, '2023-01-11 20:23:54'),
(186, '2023-01-11 20:25:22'),
(187, '2023-01-11 20:29:17'),
(188, '2023-01-11 20:29:25'),
(189, '2023-01-11 20:30:49'),
(190, '2023-01-11 20:31:13'),
(191, '2023-01-11 20:31:22'),
(192, '2023-01-11 20:33:40'),
(193, '2023-01-11 20:34:43'),
(194, '2023-01-11 20:35:43'),
(195, '2023-01-11 20:35:44'),
(196, '2023-01-11 20:36:00'),
(197, '2023-01-11 20:37:11'),
(198, '2023-01-11 20:39:05'),
(199, '2023-01-11 20:40:49'),
(200, '2023-01-11 20:41:03'),
(201, '2023-01-11 20:41:16'),
(202, '2023-01-11 20:42:04'),
(203, '2023-01-12 15:56:12'),
(204, '2023-01-12 15:56:36'),
(205, '2023-01-12 15:56:45'),
(206, '2023-01-12 16:28:08'),
(207, '2023-01-12 16:29:25'),
(208, '2023-01-13 12:28:40'),
(209, '2023-01-13 12:28:48'),
(210, '2023-01-13 13:03:52'),
(211, '2023-01-20 12:48:44'),
(212, '2023-01-20 12:53:02'),
(213, '2023-01-20 12:53:10'),
(214, '2023-01-20 12:54:31'),
(215, '2023-01-20 12:55:00'),
(216, '2023-01-20 12:56:49'),
(217, '2023-01-20 12:58:59'),
(218, '2023-01-20 12:59:11'),
(219, '2023-01-20 13:10:16'),
(220, '2023-01-20 13:11:07'),
(221, '2023-01-20 13:25:30'),
(222, '2023-01-20 13:26:24'),
(223, '2023-01-20 13:27:20'),
(224, '2023-01-20 13:27:37'),
(225, '2023-01-20 13:29:13'),
(226, '2023-01-20 13:29:56'),
(227, '2023-01-20 13:32:16'),
(228, '2023-01-20 13:33:23'),
(229, '2023-01-20 13:34:17'),
(230, '2023-01-20 13:36:10'),
(231, '2023-01-20 13:36:28'),
(232, '2023-01-20 13:37:06'),
(233, '2023-01-20 13:39:27'),
(234, '2023-01-20 13:39:49'),
(235, '2023-01-20 13:43:24'),
(236, '2023-01-20 13:44:08'),
(237, '2023-01-20 13:45:27'),
(238, '2023-01-20 13:46:21'),
(239, '2023-01-20 13:46:36'),
(240, '2023-01-20 13:46:50'),
(241, '2023-01-20 13:53:02'),
(242, '2023-01-20 13:53:19'),
(243, '2023-01-20 13:54:02'),
(244, '2023-01-20 13:54:12'),
(245, '2023-01-20 13:54:41'),
(246, '2023-01-20 13:54:52'),
(247, '2023-01-20 14:27:30'),
(248, '2023-01-20 14:28:06'),
(249, '2023-01-20 14:28:39'),
(250, '2023-01-20 14:29:17'),
(251, '2023-01-20 14:29:45'),
(252, '2023-01-20 14:30:20'),
(253, '2023-01-20 14:30:31'),
(254, '2023-01-20 14:30:37'),
(255, '2023-01-20 14:31:23'),
(256, '2023-01-20 14:31:52'),
(257, '2023-01-20 14:32:12'),
(258, '2023-01-20 14:32:57'),
(259, '2023-01-20 14:35:26'),
(260, '2023-01-20 14:35:40'),
(261, '2023-01-20 14:37:23'),
(262, '2023-01-20 14:39:40'),
(263, '2023-01-20 14:40:10'),
(264, '2023-01-20 14:41:49'),
(265, '2023-01-20 14:43:04'),
(266, '2023-01-20 14:43:52'),
(267, '2023-01-20 14:45:38'),
(268, '2023-01-20 14:59:02'),
(269, '2023-01-20 14:59:23'),
(270, '2023-01-20 14:59:52'),
(271, '2023-01-20 15:00:12'),
(272, '2023-01-20 15:01:08'),
(273, '2023-01-20 15:02:42'),
(274, '2023-01-20 15:55:39'),
(275, '2023-01-20 15:56:47'),
(276, '2023-01-20 15:57:54'),
(277, '2023-01-27 15:48:07'),
(278, '2023-01-27 15:48:27'),
(279, '2023-04-06 08:57:17'),
(280, '2023-04-06 08:58:12'),
(281, '2023-04-13 15:13:49'),
(282, '2023-04-14 11:28:41'),
(283, '2023-04-14 11:29:43'),
(284, '2023-04-14 11:29:47'),
(285, '2023-04-14 11:29:51'),
(286, '2023-04-14 11:29:54'),
(287, '2023-04-14 11:30:14'),
(288, '2023-04-14 11:31:34'),
(289, '2023-04-14 11:31:52'),
(290, '2023-04-14 11:32:05'),
(291, '2023-04-14 12:25:53'),
(292, '2023-04-14 12:29:58'),
(293, '2023-04-14 12:30:19'),
(294, '2023-04-14 13:05:24'),
(295, '2023-04-14 13:06:18'),
(296, '2023-04-14 13:10:18'),
(297, '2023-04-14 13:11:14'),
(298, '2023-04-14 13:11:25'),
(299, '2023-04-14 13:12:19'),
(300, '2023-04-14 13:54:33'),
(301, '2023-04-14 13:54:59'),
(302, '2023-04-14 13:55:30'),
(303, '2023-04-14 13:58:07'),
(304, '2023-04-14 13:58:25'),
(305, '2023-04-14 14:08:21'),
(306, '2023-04-14 14:16:07'),
(307, '2023-04-14 14:18:29'),
(308, '2023-04-14 14:20:37'),
(309, '2023-04-14 14:21:16'),
(310, '2023-04-14 14:21:25'),
(311, '2023-04-14 14:22:54'),
(312, '2023-04-14 14:49:50'),
(313, '2023-04-14 14:53:22'),
(314, '2023-04-14 14:55:01'),
(315, '2023-04-14 14:59:52'),
(316, '2023-04-14 15:00:20'),
(317, '2023-04-14 15:00:29'),
(318, '2023-05-02 06:39:40'),
(319, '2023-05-02 06:47:48'),
(320, '2023-05-02 06:48:23'),
(321, '2023-05-02 06:49:09'),
(322, '2023-05-02 06:49:58'),
(323, '2023-05-02 06:52:32'),
(324, '2023-05-02 06:56:18'),
(325, '2023-05-02 06:57:40'),
(326, '2023-05-02 06:57:44'),
(327, '2023-05-02 07:04:55'),
(328, '2023-05-02 07:05:44'),
(329, '2023-05-02 07:06:39'),
(330, '2023-05-02 07:13:42'),
(331, '2023-05-02 07:19:33'),
(332, '2023-05-02 07:19:50'),
(333, '2023-05-02 07:20:03'),
(334, '2023-05-02 07:23:55'),
(335, '2023-05-03 09:20:25'),
(336, '2023-05-03 09:20:26'),
(337, '2023-05-04 06:41:04'),
(338, '2023-05-04 07:27:15'),
(339, '2023-05-04 07:28:38'),
(340, '2023-05-04 07:29:41'),
(341, '2023-05-04 07:32:31'),
(342, '2023-05-04 08:04:09'),
(343, '2023-05-04 08:26:25'),
(344, '2023-05-04 08:38:55'),
(345, '2023-05-04 08:42:33'),
(346, '2023-05-04 12:15:01'),
(347, '2023-05-04 14:09:05'),
(348, '2023-05-08 10:09:47'),
(349, '2023-05-08 10:10:39'),
(350, '2023-05-08 10:11:00'),
(351, '2023-05-08 10:12:32'),
(352, '2023-05-09 07:10:25'),
(353, '2023-05-09 07:11:21'),
(354, '2023-05-09 07:11:26');

-- --------------------------------------------------------

--
-- Structure de la table `COMPOSER`
--

CREATE TABLE `COMPOSER` (
  `IDCOMMANDE` int(11) NOT NULL,
  `ID_PRODUIT` int(11) NOT NULL,
  `QUANTITE` bigint(4) DEFAULT NULL
) ENGINE=InnoDB DEFAULT CHARSET=latin1;

--
-- Déchargement des données de la table `COMPOSER`
--

INSERT INTO `COMPOSER` (`IDCOMMANDE`, `ID_PRODUIT`, `QUANTITE`) VALUES
(3, 3, 14),
(3, 5, 10),
(3, 18, 15),
(4, 3, 14),
(4, 5, 10),
(4, 18, 15),
(5, 3, 14),
(5, 5, 10),
(5, 18, 15),
(6, 3, 14),
(6, 5, 10),
(6, 18, 15),
(7, 3, 14),
(7, 5, 10),
(7, 18, 15),
(8, 3, 14),
(8, 5, 10),
(8, 18, 15),
(9, 3, 14),
(9, 5, 10),
(9, 18, 15),
(10, 3, 14),
(10, 5, 10),
(10, 18, 15),
(11, 3, 14),
(11, 5, 10),
(11, 18, 15),
(12, 3, 14),
(12, 5, 10),
(12, 18, 15),
(13, 3, 14),
(13, 5, 10),
(13, 18, 15),
(14, 3, 14),
(14, 5, 10),
(14, 18, 15),
(15, 3, 14),
(15, 5, 10),
(15, 18, 15),
(16, 3, 14),
(16, 5, 10),
(16, 18, 15),
(17, 3, 14),
(17, 5, 10),
(17, 18, 15),
(18, 3, 14),
(18, 5, 10),
(18, 18, 15),
(19, 3, 14),
(19, 5, 10),
(19, 18, 15),
(20, 3, 14),
(20, 5, 10),
(20, 18, 15),
(21, 3, 14),
(21, 5, 10),
(21, 18, 15),
(22, 3, 14),
(22, 5, 10),
(22, 18, 15),
(23, 3, 14),
(23, 5, 10),
(23, 18, 15),
(24, 3, 14),
(24, 5, 10),
(24, 18, 15),
(25, 3, 14),
(25, 5, 10),
(25, 18, 15),
(26, 3, 14),
(26, 5, 10),
(26, 18, 15),
(27, 3, 14),
(27, 5, 10),
(27, 18, 15),
(28, 3, 14),
(28, 5, 10),
(28, 18, 15),
(29, 3, 14),
(29, 5, 10),
(29, 18, 15),
(30, 3, 14),
(30, 5, 10),
(30, 18, 15),
(31, 3, 14),
(31, 5, 10),
(31, 18, 15),
(32, 3, 14),
(32, 5, 10),
(32, 18, 15),
(33, 3, 14),
(33, 5, 10),
(33, 18, 15),
(34, 3, 14),
(34, 5, 10),
(34, 18, 15),
(35, 3, 14),
(35, 5, 10),
(35, 18, 15),
(36, 3, 14),
(36, 5, 10),
(36, 18, 15),
(37, 3, 14),
(37, 5, 10),
(37, 18, 15),
(38, 3, 14),
(38, 5, 10),
(38, 18, 15),
(39, 3, 14),
(39, 5, 10),
(39, 18, 15),
(40, 3, 14),
(40, 5, 10),
(40, 18, 15),
(41, 3, 14),
(41, 5, 10),
(41, 18, 15),
(42, 3, 14),
(42, 5, 10),
(42, 18, 15),
(43, 3, 14),
(43, 5, 10),
(43, 18, 15),
(44, 3, 14),
(44, 5, 10),
(44, 18, 15),
(45, 3, 14),
(45, 5, 10),
(45, 18, 15),
(46, 3, 14),
(46, 5, 10),
(46, 18, 15),
(47, 3, 14),
(47, 5, 10),
(47, 18, 15),
(48, 3, 14),
(48, 5, 10),
(48, 18, 15),
(49, 3, 14),
(49, 5, 10),
(49, 18, 15),
(50, 3, 14),
(50, 5, 10),
(50, 18, 15),
(51, 3, 14),
(51, 5, 10),
(51, 18, 15),
(52, 3, 14),
(52, 5, 10),
(52, 18, 15),
(53, 3, 14),
(53, 5, 10),
(53, 18, 15),
(54, 3, 14),
(54, 5, 10),
(54, 18, 15),
(55, 3, 14),
(55, 5, 10),
(55, 18, 15),
(56, 3, 14),
(56, 5, 10),
(56, 18, 15),
(57, 3, 14),
(57, 5, 10),
(57, 18, 15),
(58, 3, 14),
(58, 5, 10),
(58, 18, 15),
(59, 3, 14),
(59, 5, 10),
(59, 18, 15),
(60, 3, 14),
(60, 5, 10),
(60, 18, 15),
(61, 3, 14),
(61, 5, 10),
(61, 18, 15),
(62, 3, 14),
(62, 5, 10),
(62, 18, 15),
(63, 3, 14),
(63, 5, 10),
(63, 18, 15),
(64, 3, 14),
(64, 5, 10),
(64, 18, 15),
(65, 3, 14),
(65, 5, 10),
(65, 18, 15),
(66, 3, 14),
(66, 5, 10),
(66, 18, 15),
(67, 3, 14),
(67, 5, 10),
(67, 18, 15),
(68, 3, 14),
(68, 5, 10),
(68, 18, 15),
(69, 3, 14),
(69, 5, 10),
(69, 18, 15),
(70, 3, 14),
(70, 5, 10),
(70, 18, 15),
(71, 3, 14),
(71, 5, 10),
(71, 18, 15),
(72, 3, 14),
(72, 5, 10),
(72, 18, 15),
(73, 3, 14),
(73, 5, 10),
(73, 18, 15),
(74, 3, 14),
(74, 5, 10),
(74, 18, 15),
(75, 3, 14),
(75, 5, 10),
(75, 18, 15),
(76, 3, 14),
(76, 5, 10),
(76, 18, 15),
(77, 3, 14),
(77, 5, 10),
(77, 18, 15),
(78, 3, 14),
(78, 5, 10),
(78, 18, 15),
(79, 3, 14),
(79, 5, 10),
(79, 18, 15),
(80, 3, 14),
(80, 5, 10),
(80, 18, 15),
(81, 3, 14),
(81, 5, 10),
(81, 18, 15),
(82, 3, 14),
(82, 5, 10),
(82, 18, 15),
(83, 3, 14),
(83, 5, 10),
(83, 18, 15),
(84, 3, 14),
(84, 5, 10),
(84, 18, 15),
(85, 3, 14),
(85, 5, 10),
(85, 18, 15),
(86, 3, 14),
(86, 5, 10),
(86, 18, 15),
(87, 3, 14),
(87, 5, 10),
(87, 18, 15),
(88, 3, 14),
(88, 5, 10),
(88, 18, 15),
(89, 3, 14),
(89, 5, 10),
(89, 18, 15),
(90, 3, 14),
(90, 5, 10),
(90, 18, 15),
(91, 3, 14),
(91, 5, 10),
(91, 18, 15),
(92, 3, 14),
(92, 5, 10),
(92, 18, 15),
(93, 3, 14),
(93, 5, 10),
(93, 18, 15),
(94, 3, 14),
(94, 5, 10),
(94, 18, 15),
(95, 3, 14),
(95, 5, 10),
(95, 18, 15),
(96, 3, 14),
(96, 5, 10),
(96, 18, 15),
(97, 3, 14),
(97, 5, 10),
(97, 18, 15),
(98, 3, 14),
(98, 5, 10),
(98, 18, 15),
(99, 3, 14),
(99, 5, 10),
(99, 18, 15),
(100, 3, 14),
(100, 5, 10),
(100, 18, 15),
(101, 3, 14),
(101, 5, 10),
(101, 18, 15),
(102, 3, 14),
(102, 5, 10),
(102, 18, 15),
(103, 3, 14),
(103, 5, 10),
(103, 18, 15),
(104, 3, 14),
(104, 5, 10),
(104, 18, 15),
(105, 3, 14),
(105, 5, 10),
(105, 18, 15),
(106, 3, 14),
(106, 5, 10),
(106, 18, 15),
(107, 3, 14),
(107, 5, 10),
(107, 18, 15),
(108, 3, 14),
(108, 5, 10),
(108, 18, 15),
(109, 3, 14),
(109, 5, 10),
(109, 18, 15),
(110, 3, 14),
(110, 5, 10),
(110, 18, 15),
(111, 3, 14),
(111, 5, 10),
(111, 18, 15),
(112, 3, 14),
(112, 5, 10),
(112, 18, 15),
(113, 3, 14),
(113, 5, 10),
(113, 18, 15),
(114, 3, 14),
(114, 5, 10),
(114, 18, 15),
(115, 3, 14),
(115, 5, 10),
(115, 18, 15),
(116, 3, 14),
(116, 5, 10),
(116, 18, 15),
(117, 3, 14),
(117, 5, 10),
(117, 18, 15),
(118, 3, 14),
(118, 5, 10),
(118, 18, 15),
(119, 3, 14),
(119, 5, 10),
(119, 18, 15),
(120, 3, 14),
(120, 5, 10),
(120, 18, 15),
(121, 3, 14),
(121, 5, 10),
(121, 18, 15),
(122, 3, 14),
(122, 5, 10),
(122, 18, 15),
(123, 3, 14),
(123, 5, 10),
(123, 18, 15),
(124, 3, 14),
(124, 5, 10),
(124, 18, 15),
(125, 3, 14),
(125, 5, 10),
(125, 18, 15),
(126, 3, 14),
(126, 5, 10),
(126, 18, 15),
(127, 3, 14),
(127, 5, 10),
(127, 18, 15),
(128, 3, 14),
(128, 5, 10),
(128, 18, 15),
(129, 3, 14),
(129, 5, 10),
(129, 18, 15),
(130, 3, 14),
(130, 5, 10),
(130, 18, 15),
(131, 3, 14),
(131, 5, 10),
(131, 18, 15),
(132, 3, 14),
(132, 5, 10),
(132, 18, 15),
(133, 3, 14),
(133, 5, 10),
(133, 18, 15),
(134, 3, 14),
(134, 5, 10),
(134, 18, 15),
(135, 3, 14),
(135, 5, 10),
(135, 18, 15),
(136, 3, 14),
(136, 5, 10),
(136, 18, 15),
(137, 3, 14),
(137, 5, 10),
(137, 18, 15),
(138, 3, 14),
(138, 5, 10),
(138, 18, 15),
(139, 3, 14),
(139, 5, 10),
(139, 18, 15),
(140, 3, 14),
(140, 5, 10),
(140, 18, 15),
(141, 3, 14),
(141, 5, 10),
(141, 18, 15),
(142, 3, 14),
(142, 5, 10),
(142, 18, 15),
(143, 5, 14),
(143, 7, 6),
(144, 3, 14),
(144, 5, 10),
(144, 18, 15),
(145, 3, 14),
(145, 5, 10),
(145, 18, 15),
(146, 3, 14),
(146, 5, 10),
(146, 18, 15),
(147, 3, 14),
(147, 5, 10),
(147, 18, 15),
(148, 3, 14),
(148, 5, 10),
(148, 18, 15),
(149, 3, 14),
(149, 5, 10),
(149, 18, 15),
(150, 3, 14),
(150, 5, 10),
(150, 18, 15),
(151, 3, 14),
(151, 5, 10),
(151, 18, 15),
(152, 3, 14),
(152, 5, 10),
(152, 18, 15),
(153, 3, 14),
(153, 5, 10),
(153, 18, 15),
(154, 3, 14),
(154, 5, 10),
(154, 18, 15),
(155, 3, 14),
(155, 5, 10),
(155, 18, 15),
(156, 3, 14),
(156, 5, 10),
(156, 18, 15),
(157, 3, 14),
(157, 5, 10),
(157, 18, 15),
(158, 3, 14),
(158, 5, 10),
(158, 18, 15),
(159, 3, 14),
(159, 5, 10),
(159, 18, 15),
(160, 3, 14),
(160, 5, 10),
(160, 18, 15),
(161, 3, 14),
(161, 5, 10),
(161, 18, 15),
(162, 3, 14),
(162, 5, 10),
(162, 18, 15),
(163, 3, 14),
(163, 5, 10),
(163, 18, 15),
(164, 3, 14),
(164, 5, 10),
(164, 18, 15),
(165, 3, 14),
(165, 5, 10),
(165, 18, 15),
(166, 3, 14),
(166, 5, 10),
(166, 18, 15),
(167, 3, 14),
(167, 5, 10),
(167, 18, 15),
(168, 3, 14),
(168, 5, 10),
(168, 18, 15),
(169, 3, 14),
(169, 5, 10),
(169, 18, 15),
(170, 3, 14),
(170, 5, 10),
(170, 18, 15),
(171, 3, 14),
(171, 5, 10),
(171, 18, 15),
(172, 3, 14),
(172, 5, 10),
(172, 18, 15),
(173, 3, 14),
(173, 5, 10),
(173, 18, 15),
(174, 3, 14),
(174, 5, 10),
(174, 18, 15),
(175, 3, 14),
(175, 5, 10),
(175, 18, 15),
(176, 3, 14),
(176, 5, 10),
(176, 18, 15),
(177, 3, 14),
(177, 5, 10),
(177, 18, 15),
(178, 3, 14),
(178, 5, 10),
(178, 18, 15),
(179, 3, 14),
(179, 5, 10),
(179, 18, 15),
(180, 3, 14),
(180, 5, 10),
(180, 18, 15),
(181, 3, 14),
(181, 5, 10),
(181, 18, 15),
(182, 3, 14),
(182, 5, 10),
(182, 18, 15),
(183, 3, 14),
(183, 5, 10),
(183, 18, 15),
(184, 3, 14),
(184, 5, 10),
(184, 18, 15),
(185, 3, 14),
(185, 5, 10),
(185, 18, 15),
(186, 3, 14),
(186, 5, 10),
(186, 18, 15),
(187, 3, 14),
(187, 5, 10),
(187, 18, 15),
(188, 3, 14),
(188, 5, 10),
(188, 18, 15),
(189, 3, 14),
(189, 5, 10),
(189, 18, 15),
(190, 3, 14),
(190, 5, 10),
(190, 18, 15),
(191, 3, 14),
(191, 5, 10),
(191, 18, 15),
(192, 3, 14),
(192, 5, 10),
(192, 18, 15),
(193, 3, 14),
(193, 5, 10),
(193, 18, 15),
(194, 3, 14),
(194, 5, 10),
(194, 18, 15),
(195, 3, 14),
(195, 5, 10),
(195, 18, 15),
(196, 3, 14),
(196, 5, 10),
(196, 18, 15),
(197, 3, 14),
(197, 5, 10),
(197, 18, 15),
(198, 3, 14),
(198, 5, 10),
(198, 18, 15),
(199, 3, 14),
(199, 5, 10),
(199, 18, 15),
(200, 3, 14),
(200, 5, 10),
(200, 18, 15),
(201, 3, 14),
(201, 5, 10),
(201, 18, 15),
(202, 3, 14),
(202, 5, 10),
(202, 18, 15),
(203, 3, 14),
(203, 5, 10),
(203, 18, 15),
(204, 3, 14),
(204, 5, 10),
(204, 18, 15),
(205, 3, 14),
(205, 5, 10),
(205, 18, 15),
(206, 3, 14),
(206, 5, 10),
(206, 18, 15),
(207, 3, 14),
(207, 5, 10),
(207, 18, 15),
(208, 3, 14),
(208, 5, 10),
(208, 18, 15),
(209, 3, 14),
(209, 5, 10),
(209, 18, 15),
(210, 3, 14),
(210, 5, 10),
(210, 18, 15),
(211, 3, 14),
(211, 5, 10),
(211, 18, 15),
(212, 3, 14),
(212, 5, 10),
(212, 18, 15),
(213, 3, 14),
(213, 5, 10),
(213, 18, 15),
(214, 3, 14),
(214, 5, 10),
(214, 18, 15),
(215, 3, 14),
(215, 5, 10),
(215, 18, 15),
(216, 3, 14),
(216, 5, 10),
(216, 18, 15),
(217, 3, 14),
(217, 5, 10),
(217, 18, 15),
(218, 3, 14),
(218, 5, 10),
(218, 18, 15),
(219, 3, 14),
(219, 5, 10),
(219, 18, 15),
(220, 3, 14),
(220, 5, 10),
(220, 18, 15),
(221, 3, 14),
(221, 5, 10),
(221, 18, 15),
(222, 3, 14),
(222, 5, 10),
(222, 18, 15),
(223, 3, 14),
(223, 5, 10),
(223, 18, 15),
(224, 3, 14),
(224, 5, 10),
(224, 18, 15),
(225, 3, 14),
(225, 5, 10),
(225, 18, 15),
(226, 3, 14),
(226, 5, 10),
(226, 18, 15),
(227, 3, 14),
(227, 5, 10),
(227, 18, 15),
(228, 3, 14),
(228, 5, 10),
(228, 18, 15),
(229, 3, 14),
(229, 5, 10),
(229, 18, 15),
(230, 3, 14),
(230, 5, 10),
(230, 18, 15),
(231, 3, 14),
(231, 5, 10),
(231, 18, 15),
(232, 3, 14),
(232, 5, 10),
(232, 18, 15),
(233, 3, 14),
(233, 5, 10),
(233, 18, 15),
(234, 3, 14),
(234, 5, 10),
(234, 18, 15),
(235, 3, 14),
(235, 5, 10),
(235, 18, 15),
(236, 3, 14),
(236, 5, 10),
(236, 18, 15),
(237, 3, 14),
(237, 5, 10),
(237, 18, 15),
(238, 3, 14),
(238, 5, 10),
(238, 18, 15),
(239, 3, 14),
(239, 5, 10),
(239, 18, 15),
(240, 3, 14),
(240, 5, 10),
(240, 18, 15),
(241, 3, 14),
(241, 5, 10),
(241, 18, 15),
(242, 3, 14),
(242, 5, 10),
(242, 18, 15),
(243, 3, 14),
(243, 5, 10),
(243, 18, 15),
(244, 3, 14),
(244, 5, 10),
(244, 18, 15),
(245, 3, 14),
(245, 5, 10),
(245, 18, 15),
(246, 3, 14),
(246, 5, 10),
(246, 18, 15),
(247, 3, 14),
(247, 5, 10),
(247, 18, 15),
(248, 3, 14),
(248, 5, 10),
(248, 18, 15),
(249, 3, 14),
(249, 5, 10),
(249, 18, 15),
(250, 3, 14),
(250, 5, 10),
(250, 18, 15),
(251, 3, 14),
(251, 5, 10),
(251, 18, 15),
(252, 3, 14),
(252, 5, 10),
(252, 18, 15),
(253, 3, 14),
(253, 5, 10),
(253, 18, 15),
(254, 3, 14),
(254, 5, 10),
(254, 18, 15),
(255, 3, 14),
(255, 5, 10),
(255, 18, 15),
(256, 3, 14),
(256, 5, 10),
(256, 18, 15),
(257, 3, 14),
(257, 5, 10),
(257, 18, 15),
(258, 3, 14),
(258, 5, 10),
(258, 18, 15),
(259, 3, 14),
(259, 5, 10),
(259, 18, 15),
(260, 3, 14),
(260, 5, 10),
(260, 18, 15),
(261, 3, 14),
(261, 5, 10),
(261, 18, 15),
(262, 3, 14),
(262, 5, 10),
(262, 18, 15),
(263, 3, 14),
(263, 5, 10),
(263, 18, 15),
(264, 3, 14),
(264, 5, 10),
(264, 18, 15),
(265, 3, 14),
(265, 5, 10),
(265, 18, 15),
(266, 3, 14),
(266, 5, 10),
(266, 18, 15),
(267, 3, 14),
(267, 5, 10),
(267, 18, 15),
(268, 3, 14),
(268, 5, 10),
(268, 18, 15),
(269, 3, 14),
(269, 5, 10),
(269, 18, 15),
(270, 3, 14),
(270, 5, 10),
(270, 18, 15),
(271, 3, 14),
(271, 5, 10),
(271, 18, 15),
(272, 3, 14),
(272, 5, 10),
(272, 18, 15),
(273, 3, 14),
(273, 5, 10),
(273, 18, 15),
(274, 3, 14),
(274, 5, 10),
(274, 18, 15),
(275, 3, 14),
(275, 5, 10),
(275, 18, 15),
(276, 3, 14),
(276, 5, 10),
(276, 18, 15),
(277, 3, 14),
(277, 5, 10),
(277, 18, 15),
(278, 3, 14),
(278, 5, 10),
(278, 18, 15),
(279, 9, 15),
(279, 12, 10),
(279, 13, 14),
(280, 3, 14),
(280, 5, 10),
(280, 18, 15),
(281, 3, 14),
(281, 5, 10),
(281, 18, 15),
(282, 3, 14),
(282, 5, 10),
(282, 18, 15),
(283, 5, 10),
(283, 7, 14),
(283, 18, 15),
(284, 5, 10),
(284, 7, 14),
(284, 18, 15),
(285, 5, 10),
(285, 7, 14),
(285, 18, 15),
(286, 5, 10),
(286, 7, 14),
(286, 18, 15),
(287, 5, 10),
(287, 8, 14),
(287, 18, 15),
(288, 5, 10),
(288, 8, 800),
(288, 18, 15),
(289, 5, 10),
(289, 7, 800),
(289, 18, 15),
(290, 5, 10),
(290, 7, 800),
(290, 18, 15),
(296, 4, 150),
(296, 18, 15),
(297, 4, 150),
(297, 18, 15),
(298, 4, 150),
(298, 5, 150),
(298, 18, 15),
(299, 3, 14),
(299, 5, 10),
(299, 18, 15),
(300, 4, 150),
(300, 5, 150),
(300, 18, 15),
(309, 128, 5),
(310, 128, 5),
(311, 1, 3),
(311, 11, 2),
(327, 128, 5),
(328, 1, 6),
(328, 11, 5),
(329, 128, 8),
(329, 133, 4),
(329, 137, 5),
(335, 128, 3),
(335, 133, 6),
(336, 128, 3),
(336, 133, 6),
(340, 1, 13),
(340, 10, 14),
(340, 11, 4),
(341, 126, 1),
(341, 128, 1),
(341, 132, 1),
(341, 137, 1),
(342, 5, 28),
(344, 132, 2),
(345, 11, 4),
(347, 128, 8),
(348, 3, 1),
(348, 5, 1),
(348, 139, 1),
(348, 140, 1),
(349, 3, 1),
(349, 5, 1),
(349, 10, 1),
(349, 17, 1),
(349, 139, 1),
(349, 140, 1),
(350, 1, 1),
(350, 10, 1),
(350, 11, 1),
(351, 3, 1),
(351, 139, 1),
(351, 140, 1),
(353, 4, 150),
(353, 5, 150),
(353, 18, 15),
(354, 4, 150),
(354, 5, 150),
(354, 18, 15);

-- --------------------------------------------------------

--
-- Structure de la table `failed_jobs`
--

CREATE TABLE `failed_jobs` (
  `id` bigint(20) UNSIGNED NOT NULL,
  `uuid` varchar(255) COLLATE utf8mb4_unicode_ci NOT NULL,
  `connection` text COLLATE utf8mb4_unicode_ci NOT NULL,
  `queue` text COLLATE utf8mb4_unicode_ci NOT NULL,
  `payload` longtext COLLATE utf8mb4_unicode_ci NOT NULL,
  `exception` longtext COLLATE utf8mb4_unicode_ci NOT NULL,
  `failed_at` timestamp NOT NULL DEFAULT current_timestamp()
) ENGINE=InnoDB DEFAULT CHARSET=utf8mb4 COLLATE=utf8mb4_unicode_ci;

-- --------------------------------------------------------

--
-- Structure de la table `migrations`
--

CREATE TABLE `migrations` (
  `id` int(10) UNSIGNED NOT NULL,
  `migration` varchar(255) COLLATE utf8mb4_unicode_ci NOT NULL,
  `batch` int(11) NOT NULL
) ENGINE=InnoDB DEFAULT CHARSET=utf8mb4 COLLATE=utf8mb4_unicode_ci;

--
-- Déchargement des données de la table `migrations`
--

INSERT INTO `migrations` (`id`, `migration`, `batch`) VALUES
(1, '2014_10_12_000000_create_users_table', 1),
(2, '2014_10_12_100000_create_password_resets_table', 1),
(3, '2019_08_19_000000_create_failed_jobs_table', 1),
(4, '2019_12_14_000001_create_personal_access_tokens_table', 1);

-- --------------------------------------------------------

--
-- Structure de la table `NOURRITURE`
--

CREATE TABLE `NOURRITURE` (
  `ID_PRODUIT` int(11) NOT NULL,
  `POIDS` bigint(4) DEFAULT NULL
) ENGINE=InnoDB DEFAULT CHARSET=latin1;

--
-- Déchargement des données de la table `NOURRITURE`
--

INSERT INTO `NOURRITURE` (`ID_PRODUIT`, `POIDS`) VALUES
(1, 234),
(5, 89),
(8, 108),
(11, 159),
(35, 78),
(36, 116),
(38, 207),
(40, 216),
(127, 150),
(131, 200),
(134, 2020),
(135, 453453),
(140, 50);

-- --------------------------------------------------------

--
-- Structure de la table `password_resets`
--

CREATE TABLE `password_resets` (
  `email` varchar(255) COLLATE utf8mb4_unicode_ci NOT NULL,
  `token` varchar(255) COLLATE utf8mb4_unicode_ci NOT NULL,
  `created_at` timestamp NULL DEFAULT NULL
) ENGINE=InnoDB DEFAULT CHARSET=utf8mb4 COLLATE=utf8mb4_unicode_ci;

--
-- Déchargement des données de la table `password_resets`
--

INSERT INTO `password_resets` (`email`, `token`, `created_at`) VALUES
('aaa@gg.sffsdf', '232310', '2023-01-27 15:44:54'),
('ellio.leguen@gmail.com', '802309', '2023-02-03 15:00:10'),
('test@gmail.com', '392486', '2023-04-06 09:48:21'),
('elliot.leguen@gmail.cm', '187678', '2023-05-09 06:31:29');

-- --------------------------------------------------------

--
-- Structure de la table `personal_access_tokens`
--

CREATE TABLE `personal_access_tokens` (
  `id` bigint(20) UNSIGNED NOT NULL,
  `tokenable_type` varchar(255) COLLATE utf8mb4_unicode_ci NOT NULL,
  `tokenable_id` bigint(20) UNSIGNED NOT NULL,
  `name` varchar(255) COLLATE utf8mb4_unicode_ci NOT NULL,
  `token` varchar(64) COLLATE utf8mb4_unicode_ci NOT NULL,
  `abilities` text COLLATE utf8mb4_unicode_ci DEFAULT NULL,
  `last_used_at` timestamp NULL DEFAULT NULL,
  `expires_at` timestamp NULL DEFAULT NULL,
  `created_at` timestamp NULL DEFAULT NULL,
  `updated_at` timestamp NULL DEFAULT NULL
) ENGINE=InnoDB DEFAULT CHARSET=utf8mb4 COLLATE=utf8mb4_unicode_ci;

--
-- Déchargement des données de la table `personal_access_tokens`
--

INSERT INTO `personal_access_tokens` (`id`, `tokenable_type`, `tokenable_id`, `name`, `token`, `abilities`, `last_used_at`, `expires_at`, `created_at`, `updated_at`) VALUES
(149, 'App\\Models\\BARMAN', 2, 'API TOKEN', 'e186ce8acbcb3755e0afa74afe78cafdc9a316a48ae5f1c4d7ff80626af70fe2', '[\"barman\"]', '2023-02-03 12:11:42', NULL, '2023-02-03 12:10:57', '2023-02-03 12:11:42'),
(154, 'App\\Models\\User', 7, 'API TOKEN', '0c2f2a0a73a787274db81ee806c4b5c89a354ab3f990cd366cb781fe85f08313', '[\"client\"]', NULL, NULL, '2023-02-03 14:05:38', '2023-02-03 14:05:38'),
(155, 'App\\Models\\User', 7, 'API TOKEN', 'e71ae2132a823ff22ded094882b71f2e8f917afcf5739f0bde6cd9a4eeb5b777', '[\"client\"]', '2023-04-13 15:01:24', NULL, '2023-02-03 14:06:37', '2023-04-13 15:01:24'),
(157, 'App\\Models\\User', 3, 'API TOKEN', 'fe4c94c9178dda2a30b86e93d8eaca4f4b3796e3043753c4c0dfa3844d86a902', '[\"client\"]', NULL, NULL, '2023-02-03 14:53:59', '2023-02-03 14:53:59'),
(162, 'App\\Models\\User', 9, 'API TOKEN', '469e91c2532df4302e9285d78df99c54e493c4d15495550bf94d3b975114a847', '[\"client\"]', NULL, NULL, '2023-04-06 08:31:40', '2023-04-06 08:31:40'),
(163, 'App\\Models\\User', 10, 'API TOKEN', '9d933cad91af3c969c4829099ecbcd499df32b892e521b30ec7c22a5ab5fd5cc', '[\"client\"]', NULL, NULL, '2023-04-06 08:40:46', '2023-04-06 08:40:46'),
(164, 'App\\Models\\User', 11, 'API TOKEN', '76405a0effb1071dea13d3b6e4bc0e2d42fea6503b3dc1cf64dfacd7496e616a', '[\"client\"]', NULL, NULL, '2023-04-06 08:41:19', '2023-04-06 08:41:19'),
(166, 'App\\Models\\User', 12, 'API TOKEN', '4e96b90c8f589c4bd0384bf650442764ed75ada4a092ffd8c2991c5886093347', '[\"client\"]', NULL, NULL, '2023-04-06 09:02:54', '2023-04-06 09:02:54'),
(167, 'App\\Models\\User', 13, 'API TOKEN', 'da522324b90f217b8ef182ca43e35ca378e284eecb4e07f76799486ce7e77799', '[\"client\"]', NULL, NULL, '2023-04-06 09:10:28', '2023-04-06 09:10:28'),
(208, 'App\\Models\\BARMAN', 17, 'API TOKEN', '324d582124693afc5847931b079a28e9ddf1f97c20ce6a8b8329a3e4640c3f7f', '[\"barman\"]', NULL, NULL, '2023-04-14 11:43:28', '2023-04-14 11:43:28'),
(209, 'App\\Models\\BARMAN', 17, 'API TOKEN', 'e6b58970ea7a3f8279ffa1482193b2d4a853d8102882093ab6cad9920677824c', '[\"barman\"]', NULL, NULL, '2023-04-14 11:43:36', '2023-04-14 11:43:36'),
(210, 'App\\Models\\BARMAN', 15, 'API TOKEN', '044d83666868ffe6a3e3442f43b2abea42671301b8f56f439868faa5ed21a158', '[\"barman\"]', NULL, NULL, '2023-04-14 11:59:32', '2023-04-14 11:59:32'),
(213, 'App\\Models\\BARMAN', 17, 'API TOKEN', 'd88ae390bf87b72cd3d446fb671c7b43b75b866d9dda3bb2c1e8b7f84b58d6dc', '[\"barman\"]', NULL, NULL, '2023-04-14 13:02:05', '2023-04-14 13:02:05'),
(214, 'App\\Models\\BARMAN', 17, 'API TOKEN', '8ca04fecf0102558762983f695e0bfa79c46c7acc3a9b1fa177271da4b16b5c2', '[\"barman\"]', NULL, NULL, '2023-04-14 13:02:30', '2023-04-14 13:02:30'),
(215, 'App\\Models\\BARMAN', 17, 'API TOKEN', '829924c9873927311cfb557bb40fa95d7121c41b58724e65d28e98ebdd852e8b', '[\"barman\"]', '2023-04-14 13:12:19', NULL, '2023-04-14 13:12:11', '2023-04-14 13:12:19'),
(217, 'App\\Models\\BARMAN', 17, 'API TOKEN', '5fad567bc19eb5803b0e01d22ebd5884b83180325d1ae3357e844f08148220d7', '[\"barman\"]', NULL, NULL, '2023-04-14 13:44:29', '2023-04-14 13:44:29'),
(218, 'App\\Models\\BARMAN', 17, 'API TOKEN', '0960315065df5376a07559dd4a13daec8c82aea6e249bcd01bac2c151f75e1b5', '[\"barman\"]', NULL, NULL, '2023-04-14 13:45:04', '2023-04-14 13:45:04'),
(219, 'App\\Models\\BARMAN', 17, 'API TOKEN', '2edfd08eb81a8aac93729d6ca2c37f936d735d9b2aa6b707a1a5b8098fdd3390', '[\"barman\"]', NULL, NULL, '2023-04-14 13:48:23', '2023-04-14 13:48:23'),
(220, 'App\\Models\\BARMAN', 17, 'API TOKEN', '69984380f5cefbed4564f4649d0884aa8c6aa32ebf75045e5317ea877ff55c4e', '[\"barman\"]', NULL, NULL, '2023-04-14 13:49:25', '2023-04-14 13:49:25'),
(221, 'App\\Models\\BARMAN', 17, 'API TOKEN', '011710886a92e6491c24b1908fcf86c275af198c76a22ce3b8d66b49d60f655a', '[\"barman\"]', NULL, NULL, '2023-04-14 13:49:45', '2023-04-14 13:49:45'),
(222, 'App\\Models\\BARMAN', 17, 'API TOKEN', '13d4b0291e50a7e02cdb2f8069e134bd4976cb56b817d0a07a6687049cd49a78', '[\"barman\"]', NULL, NULL, '2023-04-14 13:50:54', '2023-04-14 13:50:54'),
(225, 'App\\Models\\BARMAN', 17, 'API TOKEN', '6a408bf2286461d917f34d8cef002444a69232c74a79aab2bd4534e9232f80af', '[\"barman\"]', NULL, NULL, '2023-04-14 14:27:41', '2023-04-14 14:27:41'),
(226, 'App\\Models\\BARMAN', 17, 'API TOKEN', 'f8e72e5f00dc826d58b0809b3a5fa59a123c95b8718c9517a1c997a4d1f4e4e5', '[\"barman\"]', NULL, NULL, '2023-04-14 14:28:20', '2023-04-14 14:28:20'),
(227, 'App\\Models\\BARMAN', 17, 'API TOKEN', '47aee44f669b4abaaf08a4637d9f107ae46b6819549ecc043657e2dca9c333e3', '[\"barman\"]', NULL, NULL, '2023-04-14 14:29:09', '2023-04-14 14:29:09'),
(228, 'App\\Models\\BARMAN', 17, 'API TOKEN', '333cd4b899de44eab73a1abc20c9b3cf8663af49d5e85e9d447ae914c6b18e69', '[\"barman\"]', NULL, NULL, '2023-04-14 14:29:31', '2023-04-14 14:29:31'),
(229, 'App\\Models\\BARMAN', 17, 'API TOKEN', '64717ef30fccc8941089fbf322e628df2c84ba4026c4f7eb249895efadc7dab1', '[\"barman\"]', NULL, NULL, '2023-04-14 14:30:20', '2023-04-14 14:30:20'),
(230, 'App\\Models\\BARMAN', 17, 'API TOKEN', 'e285619318db355258d9387eca0190bf10d95cadc03ac2101298c35ab5bf597c', '[\"barman\"]', NULL, NULL, '2023-04-14 14:31:30', '2023-04-14 14:31:30'),
(231, 'App\\Models\\BARMAN', 17, 'API TOKEN', '7751896664eb3f5c0d8e05533be43bee3c30f44dbe790ea392a0f87ff0236fe4', '[\"barman\"]', NULL, NULL, '2023-04-14 14:35:57', '2023-04-14 14:35:57'),
(232, 'App\\Models\\BARMAN', 17, 'API TOKEN', '71c0db244db5cfe2c6c19e5256a7530ae18bc33c260be89a1ded910f9f7dafe4', '[\"barman\"]', NULL, NULL, '2023-04-14 14:37:29', '2023-04-14 14:37:29'),
(233, 'App\\Models\\BARMAN', 17, 'API TOKEN', '28eea4e711acbb95064e4d6442913553316ed3db5fe55570217d08b4db1a0dba', '[\"barman\"]', NULL, NULL, '2023-04-14 14:38:27', '2023-04-14 14:38:27'),
(234, 'App\\Models\\BARMAN', 17, 'API TOKEN', 'b6dfe5f8a6bdb086321dc916afbaaea6e9009acae2fe95bf5235f2d1d9973eff', '[\"barman\"]', NULL, NULL, '2023-04-14 14:53:46', '2023-04-14 14:53:46'),
(235, 'App\\Models\\BARMAN', 17, 'API TOKEN', '9a9c5ea710bce68b4d388ff62c787e72cc4a380af6a9f0d7cb4f1120a086f340', '[\"barman\"]', NULL, NULL, '2023-04-14 14:56:34', '2023-04-14 14:56:34'),
(236, 'App\\Models\\BARMAN', 17, 'API TOKEN', 'd5270c519818ad24bb49100e3cf07b3b7d72453e55fa949a44195a21fccbe241', '[\"barman\"]', NULL, NULL, '2023-04-14 14:57:14', '2023-04-14 14:57:14'),
(238, 'App\\Models\\BARMAN', 17, 'API TOKEN', '2fa5197d1bc754c647ffd16417e63c64104b8070b2e8a1538fdc93b15be33904', '[\"barman\"]', NULL, NULL, '2023-04-24 12:38:20', '2023-04-24 12:38:20'),
(239, 'App\\Models\\BARMAN', 17, 'API TOKEN', 'cf0133b5ad22ca9882eb7d676d28ec7f1ea279afa4acfa025db20772cae6d439', '[\"barman\"]', NULL, NULL, '2023-04-24 12:38:20', '2023-04-24 12:38:20'),
(240, 'App\\Models\\BARMAN', 17, 'API TOKEN', '049290f46f9cee05a1adb50740c561c16d565c778dd0e8f220c28624a73b8ee9', '[\"barman\"]', NULL, NULL, '2023-04-24 17:04:21', '2023-04-24 17:04:21'),
(241, 'App\\Models\\BARMAN', 17, 'API TOKEN', 'a10512ccf5ae0ee87471ff9128fdb811aa5f9aba438221a96dd415fbe2378289', '[\"barman\"]', NULL, NULL, '2023-04-24 17:05:08', '2023-04-24 17:05:08'),
(242, 'App\\Models\\BARMAN', 17, 'API TOKEN', '5f373a3b8bb402f1de2cc912c2ac95c66a97d206792f3696d405e2661e4d148d', '[\"barman\"]', NULL, NULL, '2023-04-25 16:48:30', '2023-04-25 16:48:30'),
(243, 'App\\Models\\BARMAN', 17, 'API TOKEN', '8ac51cc5b4215b5ddb77521fe842c60aac7f486001c097708f1efb0842ebe03d', '[\"barman\"]', NULL, NULL, '2023-04-25 16:48:33', '2023-04-25 16:48:33'),
(244, 'App\\Models\\BARMAN', 17, 'API TOKEN', '9102bafa00badfe7882b92c7209bc7dbac57948537dfad7bf023fd5cee3c4e99', '[\"barman\"]', NULL, NULL, '2023-04-25 16:48:33', '2023-04-25 16:48:33'),
(245, 'App\\Models\\BARMAN', 17, 'API TOKEN', 'd0e64a23c386a37b72445d89a2cd429662b2a7a7425d7b2a80d22b455a05b141', '[\"barman\"]', NULL, NULL, '2023-04-25 16:49:52', '2023-04-25 16:49:52'),
(246, 'App\\Models\\BARMAN', 17, 'API TOKEN', '0f57aa881a8f7e88531ad80cbf5dae1f0764b314df021d7964ed267a38b8e358', '[\"barman\"]', NULL, NULL, '2023-04-25 16:54:00', '2023-04-25 16:54:00'),
(247, 'App\\Models\\BARMAN', 17, 'API TOKEN', 'c2244bf8d443944f7c030d08621d6b371ac470ced39537e5937e288b29c5984e', '[\"barman\"]', NULL, NULL, '2023-04-25 16:58:35', '2023-04-25 16:58:35'),
(248, 'App\\Models\\BARMAN', 17, 'API TOKEN', 'abc23328b39e77452902b2b61aa0afd0c67c81a950e76b53f6b37204d0f734ae', '[\"barman\"]', NULL, NULL, '2023-04-25 16:59:19', '2023-04-25 16:59:19'),
(249, 'App\\Models\\BARMAN', 17, 'API TOKEN', 'a7962aad2ca0eb6502a67535013d2cdb473e3fa74a577cd71a6b94fc88928b40', '[\"barman\"]', NULL, NULL, '2023-04-25 17:05:01', '2023-04-25 17:05:01'),
(250, 'App\\Models\\BARMAN', 17, 'API TOKEN', '31b99fe49ff511bef7d7a9722f90d7ed486da3274bd49a644955dbab6c0e0c59', '[\"barman\"]', '2023-04-26 19:46:06', NULL, '2023-04-25 17:10:24', '2023-04-26 19:46:06'),
(252, 'App\\Models\\BARMAN', 17, 'API TOKEN', '05c34e8bcc1d1c25424a60f3e59d4bb563511b21c705235a02057988a44fee6c', '[\"barman\"]', NULL, NULL, '2023-04-26 19:46:39', '2023-04-26 19:46:39'),
(253, 'App\\Models\\BARMAN', 17, 'API TOKEN', '1bad20340eabaf54ae807289e1d118d4ac79abac431fa3ef16396b624d600ea5', '[\"barman\"]', NULL, NULL, '2023-04-26 20:11:15', '2023-04-26 20:11:15'),
(254, 'App\\Models\\BARMAN', 17, 'API TOKEN', 'ef8a77313d4e39ebb220331e2d18e3c06cc8a9f2a80e9869f4c246d4f09d7dce', '[\"barman\"]', NULL, NULL, '2023-04-27 20:16:25', '2023-04-27 20:16:25'),
(255, 'App\\Models\\BARMAN', 17, 'API TOKEN', '3789d12e79f5a3a771817925578fcf4b92a3485c0487ba1ff26a101dc6c931ed', '[\"barman\"]', '2023-05-03 11:39:30', NULL, '2023-04-28 15:10:13', '2023-05-03 11:39:30'),
(257, 'App\\Models\\BARMAN', 17, 'API TOKEN', '3b8c5a2cf0ce4646a65d6bec2a6a107014d554aab8835a5d92e46475cef8f4d4', '[\"barman\"]', NULL, NULL, '2023-05-02 06:23:18', '2023-05-02 06:23:18'),
(261, 'App\\Models\\BARMAN', 17, 'API TOKEN', '7a36edaa899e56a60213fb70a5597a268c08a60ea73d399d729499a9802c9269', '[\"barman\"]', '2023-05-04 12:15:01', NULL, '2023-05-02 06:39:30', '2023-05-04 12:15:01'),
(262, 'App\\Models\\BARMAN', 17, 'API TOKEN', 'a267af750f71c887ffc77868ad67d3164b99312be36f48207023abe12d3378cc', '[\"barman\"]', NULL, NULL, '2023-05-02 06:45:23', '2023-05-02 06:45:23'),
(263, 'App\\Models\\BARMAN', 17, 'API TOKEN', '0d69f776d3d5c9b35913476fb36bdca9efa61dbaecbc3d77b86f69c75b0a5af3', '[\"barman\"]', NULL, NULL, '2023-05-02 06:50:40', '2023-05-02 06:50:40'),
(273, 'App\\Models\\BARMAN', 17, 'API TOKEN', '09ec8364e512fbe49ae4ffafca5f0446e60b20212adf7e543394b8bfaf6af66a', '[\"barman\"]', NULL, NULL, '2023-05-02 09:43:42', '2023-05-02 09:43:42'),
(274, 'App\\Models\\BARMAN', 17, 'API TOKEN', 'a28ec9a5dfc8d03f3f47bbcd8708d0ae2b48004739825912a4de32a4dce638da', '[\"barman\"]', NULL, NULL, '2023-05-03 08:54:51', '2023-05-03 08:54:51'),
(275, 'App\\Models\\BARMAN', 17, 'API TOKEN', 'eeccbe932650988c2c31cf222f10300c67885f35be2f88d256ccaa6e652d94a1', '[\"barman\"]', NULL, NULL, '2023-05-03 08:55:28', '2023-05-03 08:55:28'),
(276, 'App\\Models\\BARMAN', 17, 'API TOKEN', 'f452bbb6fa95ad888679381344bb96fb46a041cc99fda5f02215845ba98b16be', '[\"barman\"]', NULL, NULL, '2023-05-03 08:55:31', '2023-05-03 08:55:31'),
(288, 'App\\Models\\BARMAN', 17, 'API TOKEN', '84786f2a9b04e394596b9497ed781918ae9182f47b8fe4879282610ce3adec5e', '[\"barman\"]', '2023-05-04 07:44:50', NULL, '2023-05-03 14:59:11', '2023-05-04 07:44:50'),
(290, 'App\\Models\\BARMAN', 17, 'API TOKEN', '3315f7a7b402c0e9762191fc0b87b624f6766dd1b42c74e31953bdd980753cbd', '[\"barman\"]', '2023-05-03 23:11:33', NULL, '2023-05-03 22:35:27', '2023-05-03 23:11:33'),
(293, 'App\\Models\\User', 14, 'API TOKEN', '747ba40faee5b785fdc94c2cf3514dd1f1c7a39091599956b96a6e579828200b', '[\"client\"]', NULL, NULL, '2023-05-03 23:12:34', '2023-05-03 23:12:34'),
(294, 'App\\Models\\User', 14, 'API TOKEN', '188b0bf6e7f3391fb5683ae528e7eb6d97d90ac7c4f1a101b874ac626a4201c2', '[\"client\"]', NULL, NULL, '2023-05-03 23:13:09', '2023-05-03 23:13:09'),
(295, 'App\\Models\\User', 14, 'API TOKEN', 'cdca4d5145db92b90b61d425e36ccd36398090cec093a17d2167ef623bb7d544', '[\"client\"]', NULL, NULL, '2023-05-03 23:36:49', '2023-05-03 23:36:49'),
(296, 'App\\Models\\User', 14, 'API TOKEN', 'a785c3af4b843a05a17186cdd713974ff5fece6f35ec64535f762f68fef45b2e', '[\"client\"]', NULL, NULL, '2023-05-03 23:36:50', '2023-05-03 23:36:50'),
(297, 'App\\Models\\User', 14, 'API TOKEN', 'e8e8501c2745861f28f21def338a15b1e581b97dacc2137c257d264d858c0227', '[\"client\"]', NULL, NULL, '2023-05-03 23:36:50', '2023-05-03 23:36:50'),
(298, 'App\\Models\\User', 14, 'API TOKEN', 'db072e688bf307e5c643f420af2cc16904f53130b495072c39f42827a56cc128', '[\"client\"]', NULL, NULL, '2023-05-03 23:36:51', '2023-05-03 23:36:51'),
(299, 'App\\Models\\BARMAN', 17, 'API TOKEN', '212ef59493216f93f8fc256f60ed8ba9cd87922681d63f23842795d4a0c090ff', '[\"barman\"]', NULL, NULL, '2023-05-03 23:38:16', '2023-05-03 23:38:16'),
(317, 'App\\Models\\User', 14, 'API TOKEN', '9223a2381dc5797710a3b4a3fc570e48f9469b497cbce3dcaf8ce5dc58f019ed', '[\"client\"]', '2023-05-04 08:42:33', NULL, '2023-05-04 08:38:41', '2023-05-04 08:42:33'),
(319, 'App\\Models\\User', 15, 'API TOKEN', 'dee3dca6bad9f6b565dd51e39e086b330b8195f59ddf7879ab0579d81dfdce95', '[\"client\"]', NULL, NULL, '2023-05-04 12:21:13', '2023-05-04 12:21:13'),
(321, 'App\\Models\\User', 16, 'API TOKEN', '454a44dbf6e9ec99f3c32407d529f30bd50d16ee87eb9f9bca3b13790affd1e1', '[\"client\"]', NULL, NULL, '2023-05-04 12:44:22', '2023-05-04 12:44:22'),
(322, 'App\\Models\\User', 17, 'API TOKEN', '01d46d3a7b13c6c3b6a91bbfd368617e9479b1b72c57328f1dcb5f9f338e5a82', '[\"client\"]', NULL, NULL, '2023-05-04 12:51:18', '2023-05-04 12:51:18'),
(323, 'App\\Models\\BARMAN', 17, 'API TOKEN', '0fa026ea002aedf4f353b0a0d536236abd9cbf7647ac0985609e9879af858d6c', '[\"barman\"]', NULL, NULL, '2023-05-04 13:01:16', '2023-05-04 13:01:16'),
(324, 'App\\Models\\BARMAN', 17, 'API TOKEN', 'e90637a6a71040aefbdd3954d4547b266f42fbc083f70992d6a0e5428801c984', '[\"barman\"]', NULL, NULL, '2023-05-04 13:01:16', '2023-05-04 13:01:16'),
(325, 'App\\Models\\BARMAN', 17, 'API TOKEN', '91b297f5ca51f16788066785640cc70753bd9d7c6059ad4e9104e8b54d89f433', '[\"barman\"]', NULL, NULL, '2023-05-04 13:02:30', '2023-05-04 13:02:30'),
(327, 'App\\Models\\BARMAN', 17, 'API TOKEN', 'cf8f157fff4c04eeb93e1d2563fed56e9b1a9776074ee06abeaa6948eb3b13d8', '[\"barman\"]', NULL, NULL, '2023-05-04 13:03:10', '2023-05-04 13:03:10'),
(329, 'App\\Models\\User', 18, 'API TOKEN', '4264f0c73c19464bb1978d2cc978ebb464a6a7b603f4a669eff5b45c2ffefadd', '[\"client\"]', '2023-05-04 14:09:05', NULL, '2023-05-04 14:07:20', '2023-05-04 14:09:05'),
(331, 'App\\Models\\User', 18, 'myapptoken', 'e48a9e6e015b11a9a0b85b0cb2848dacdaed35cb65c48266dba569f7a600df51', '[\"*\"]', NULL, NULL, '2023-05-04 14:15:06', '2023-05-04 14:15:06'),
(332, 'App\\Models\\User', 18, 'API TOKEN', 'ef08175215fc5923b89ecb4429066f8257f6c84cb8a5ad5f09c0151718899afb', '[\"client\"]', NULL, NULL, '2023-05-04 14:15:19', '2023-05-04 14:15:19'),
(333, 'App\\Models\\User', 18, 'API TOKEN', '81429083d78b3bc26a6ca861b55e7017b51d81056ff32359a1e65e9fb6ea8331', '[\"client\"]', NULL, NULL, '2023-05-04 14:15:52', '2023-05-04 14:15:52'),
(334, 'App\\Models\\User', 18, 'API TOKEN', '8678739438a946041f419037f1cc674eb6dce555d06061bd2ab6bb1944dffef9', '[\"client\"]', NULL, NULL, '2023-05-04 14:17:22', '2023-05-04 14:17:22'),
(335, 'App\\Models\\BARMAN', 17, 'API TOKEN', '0590a0b33b51f9c4a0864c8788921eba2ed4ff0092abded47099a0c9a5ec88a6', '[\"barman\"]', NULL, NULL, '2023-05-04 14:18:18', '2023-05-04 14:18:18'),
(342, 'App\\Models\\BARMAN', 17, 'API TOKEN', '7e0f8615f60aa808c5dd25f9b70627f613c405dfb3e6a7b17253101b3d017cfe', '[\"barman\"]', NULL, NULL, '2023-05-08 23:29:52', '2023-05-08 23:29:52');

-- --------------------------------------------------------

--
-- Structure de la table `PRODUIT`
--

CREATE TABLE `PRODUIT` (
  `ID_PRODUIT` int(11) NOT NULL,
  `NOM_PRODUIT` char(32) DEFAULT NULL
) ENGINE=InnoDB DEFAULT CHARSET=latin1;

--
-- Déchargement des données de la table `PRODUIT`
--

INSERT INTO `PRODUIT` (`ID_PRODUIT`, `NOM_PRODUIT`) VALUES
(1, 'Amelia'),
(2, 'Briana'),
(3, 'Judy'),
(4, 'Bernita'),
(5, 'Leatha'),
(6, 'Roselyn'),
(7, 'Annetta'),
(8, 'Eryn'),
(9, 'Adelle'),
(10, 'Elenor'),
(11, 'Carli'),
(12, 'Ruthe'),
(13, 'Jayda'),
(14, 'Yasmeen'),
(15, 'Vada'),
(16, 'Shany'),
(17, 'Myrna'),
(18, 'Mariam'),
(21, 'Hanna'),
(22, 'Ursula'),
(23, 'Era'),
(24, 'Vivienne'),
(25, 'Frederique'),
(26, 'Aditya'),
(27, 'Germaine'),
(28, 'Melisa'),
(29, 'Virginie'),
(30, 'Mia'),
(31, 'Jacinthe'),
(32, 'Shannon'),
(33, 'Herta'),
(34, 'Ramona'),
(35, 'Leta'),
(36, 'Marcia'),
(37, 'Sally'),
(38, 'Marquise'),
(39, 'Marcia'),
(40, 'Delpha'),
(41, 'Kailyn'),
(42, 'Alba'),
(43, 'Flo'),
(44, 'Cynthia'),
(45, 'Elissa'),
(46, 'Macy'),
(47, 'Imogene'),
(48, 'Jaquelin'),
(49, 'Zetta'),
(50, 'Annamae'),
(51, 'Angela'),
(52, 'Vesta'),
(53, 'Yadira'),
(54, 'Theodora'),
(55, 'Lauretta'),
(56, 'Lauryn'),
(57, 'Lori'),
(58, 'Syble'),
(59, 'Anais'),
(60, 'Princess'),
(61, 'Abbey'),
(62, 'Amber'),
(63, 'Odie'),
(64, 'Otilia'),
(65, 'Selina'),
(66, 'Zelma'),
(67, 'Citlalli'),
(68, 'Alta'),
(69, 'Ettie'),
(70, 'Jackeline'),
(71, 'Rhianna'),
(72, 'Elna'),
(73, 'Margie'),
(74, 'Melisa'),
(75, 'Grace'),
(76, 'Dana'),
(77, 'Meggie'),
(78, 'Yasmeen'),
(79, 'Stella'),
(80, 'Cara'),
(81, 'Dayna'),
(82, 'Mafalda'),
(83, 'Hellen'),
(84, 'Dorothea'),
(85, 'Letitia'),
(86, 'Winnifred'),
(87, 'Marguerite'),
(88, 'Rubie'),
(89, 'Aniyah'),
(90, 'Katarina'),
(91, 'Melba'),
(92, 'Arvilla'),
(93, 'Wendy'),
(94, 'Clotilde'),
(95, 'Evalyn'),
(96, 'Rubie'),
(97, 'Felicia'),
(98, 'Isabelle'),
(99, 'Thora'),
(100, 'Carmela'),
(101, '102'),
(102, 'Double Ricard'),
(103, 'Rciard'),
(104, 'Dacc'),
(105, 'Captain'),
(106, 'Menthe'),
(107, 'Menthe'),
(108, 'dgdfgf'),
(109, 'sdfdsfsd'),
(110, 'qsdqsd'),
(111, 'okaiii'),
(112, 'test'),
(113, 'testttt'),
(114, 'dfdsfdsfds'),
(115, 'testtt'),
(117, 'qsdqsd'),
(118, 'fds'),
(119, 'hggdgfd'),
(120, 'zerz'),
(122, 'mm'),
(123, 'gg'),
(124, 'qsd'),
(125, 'Paix dieu'),
(126, 'Paix dieu'),
(127, 'Paix de dieu'),
(128, 'Chouffe'),
(129, 'Coca'),
(130, 'Saucisson'),
(131, 'Ciflard'),
(132, 'Jus d\'orange'),
(133, 'test'),
(134, 'testedqdqsd'),
(135, 'zfzghrhgdfg'),
(136, 'zrterg'),
(137, 'Coca'),
(138, 'test'),
(139, 'aze'),
(140, 'Planche');

-- --------------------------------------------------------

--
-- Structure de la table `RECOIS`
--

CREATE TABLE `RECOIS` (
  `ID_BAR` int(11) NOT NULL,
  `IDCOMMANDE` int(11) NOT NULL
) ENGINE=InnoDB DEFAULT CHARSET=latin1;

--
-- Déchargement des données de la table `RECOIS`
--

INSERT INTO `RECOIS` (`ID_BAR`, `IDCOMMANDE`) VALUES
(1, 309),
(1, 310),
(1, 327),
(1, 329),
(1, 335),
(1, 336),
(1, 341),
(1, 344),
(2, 311),
(2, 328),
(2, 340),
(2, 345),
(2, 350),
(4, 35),
(4, 36),
(4, 37),
(4, 38),
(4, 39),
(4, 47),
(4, 48),
(4, 49),
(4, 50),
(4, 51),
(4, 138),
(4, 141),
(4, 143),
(4, 145),
(4, 152),
(4, 175),
(4, 176),
(4, 177),
(4, 178),
(4, 179),
(4, 180),
(4, 181),
(4, 182),
(4, 183),
(4, 184),
(4, 185),
(4, 186),
(4, 187),
(4, 188),
(4, 189),
(4, 190),
(4, 191),
(4, 192),
(4, 193),
(4, 194),
(4, 195),
(4, 196),
(4, 197),
(4, 198),
(4, 199),
(4, 200),
(4, 201),
(4, 202),
(4, 204),
(4, 209),
(4, 211),
(4, 212),
(4, 213),
(4, 214),
(4, 215),
(4, 216),
(4, 217),
(4, 218),
(4, 219),
(4, 220),
(4, 267),
(4, 277),
(4, 278),
(4, 279),
(4, 280),
(4, 281),
(4, 282),
(4, 283),
(4, 284),
(4, 285),
(4, 286),
(4, 287),
(4, 288),
(4, 289),
(4, 290),
(4, 296),
(4, 298),
(4, 299),
(4, 300),
(4, 342),
(4, 348),
(4, 349),
(4, 351),
(4, 353),
(4, 354),
(5, 23),
(5, 24),
(5, 25),
(5, 26),
(5, 27),
(5, 28),
(5, 29),
(5, 30),
(5, 31),
(5, 32),
(5, 33),
(5, 34),
(5, 40),
(5, 41),
(5, 42),
(5, 43),
(5, 44),
(5, 45),
(5, 46),
(5, 52),
(5, 53),
(5, 54),
(5, 55),
(5, 56),
(5, 57),
(5, 58),
(5, 59),
(5, 60),
(5, 61),
(5, 62),
(5, 63),
(5, 64),
(5, 65),
(5, 66),
(5, 67),
(5, 68),
(5, 69),
(5, 70),
(5, 71),
(5, 72),
(5, 73),
(5, 74),
(5, 75),
(5, 76),
(5, 77),
(5, 78),
(5, 79),
(5, 80),
(5, 81),
(5, 82),
(5, 83),
(5, 84),
(5, 85),
(5, 86),
(5, 87),
(5, 88),
(5, 89),
(5, 90),
(5, 91),
(5, 92),
(5, 93),
(5, 94),
(5, 95),
(5, 96),
(5, 97),
(5, 98),
(5, 99),
(5, 100),
(5, 101),
(5, 102),
(5, 103),
(5, 104),
(5, 105),
(5, 106),
(5, 107),
(5, 108),
(5, 109),
(5, 110),
(5, 111),
(5, 112),
(5, 113),
(5, 114),
(5, 115),
(5, 116),
(5, 117),
(5, 118),
(5, 121),
(5, 122),
(5, 123),
(5, 124),
(5, 125),
(5, 126),
(5, 127),
(5, 128),
(5, 129),
(5, 130),
(5, 131),
(5, 132),
(5, 133),
(5, 134),
(5, 135),
(5, 136),
(5, 137),
(5, 139),
(5, 140),
(5, 147),
(5, 148),
(5, 157),
(5, 158),
(5, 159),
(5, 160),
(5, 161),
(5, 162),
(5, 164),
(5, 165),
(5, 168),
(5, 170),
(5, 171),
(5, 174),
(5, 203),
(5, 205),
(5, 206),
(5, 207),
(5, 208),
(5, 210),
(5, 221),
(5, 222),
(5, 223),
(5, 224),
(5, 225),
(5, 226),
(5, 227),
(5, 228),
(5, 229),
(5, 230),
(5, 231),
(5, 232),
(5, 233),
(5, 234),
(5, 235),
(5, 236),
(5, 237),
(5, 238),
(5, 239),
(5, 240),
(5, 241),
(5, 242),
(5, 243),
(5, 244),
(5, 245),
(5, 246),
(5, 247),
(5, 248),
(5, 249),
(5, 250),
(5, 251),
(5, 252),
(5, 253),
(5, 254),
(5, 255),
(5, 256),
(5, 257),
(5, 258),
(5, 259),
(5, 260),
(5, 261),
(5, 262),
(5, 263),
(5, 264),
(5, 265),
(5, 266),
(5, 268),
(5, 269),
(5, 270),
(5, 271),
(5, 272),
(5, 273),
(5, 274),
(5, 275),
(5, 276),
(11, 14);

-- --------------------------------------------------------

--
-- Structure de la table `STOCKER`
--

CREATE TABLE `STOCKER` (
  `ID_PRODUIT` int(11) NOT NULL,
  `ID_BAR` int(11) NOT NULL,
  `QUANTITESTOCK` bigint(8) DEFAULT NULL,
  `PRIX` bigint(4) DEFAULT NULL
) ENGINE=InnoDB DEFAULT CHARSET=latin1;

--
-- Déchargement des données de la table `STOCKER`
--

INSERT INTO `STOCKER` (`ID_PRODUIT`, `ID_BAR`, `QUANTITESTOCK`, `PRIX`) VALUES
(1, 2, 395, 12),
(1, 15, 387, 6),
(2, 10, 161, 24),
(3, 4, 281, 14),
(3, 9, 166, 2),
(3, 10, 372, 2),
(3, 15, 496, 18),
(4, 15, 351, 8),
(5, 4, 401, 10),
(5, 14, 202, 18),
(6, 2, 465, 12),
(6, 3, 465, 12),
(6, 4, 465, 12),
(6, 5, 465, 12),
(6, 6, 465, 12),
(6, 8, 213, 13),
(6, 14, 421, 2),
(7, 1, 401, 14),
(7, 2, 270, 27),
(7, 3, 270, 27),
(7, 4, 270, 27),
(7, 5, 270, 27),
(7, 6, 270, 27),
(7, 7, 164, 11),
(7, 10, 347, 22),
(8, 2, 40, 3),
(8, 3, 40, 3),
(8, 4, 40, 3),
(8, 5, 40, 3),
(8, 6, 40, 3),
(8, 7, 406, 21),
(9, 2, 85, 6),
(9, 3, 85, 6),
(9, 4, 85, 6),
(9, 5, 85, 6),
(9, 6, 85, 6),
(10, 2, 450, 8),
(10, 3, 450, 8),
(10, 4, 450, 8),
(10, 5, 450, 8),
(10, 6, 450, 8),
(11, 2, 303, 6),
(12, 12, 215, 8),
(12, 13, 189, 10),
(13, 7, 236, 21),
(13, 14, 400, 24),
(15, 2, 155, 12),
(15, 3, 155, 12),
(15, 4, 155, 12),
(15, 5, 155, 12),
(15, 6, 155, 12),
(15, 8, 328, 18),
(15, 10, 379, 3),
(16, 1, 159, 15),
(17, 1, 634, 18),
(17, 4, 269, 3),
(17, 7, 271, 23),
(17, 15, 342, 10),
(18, 4, 330, 10),
(18, 12, 400, 4),
(21, 12, 141, 13),
(22, 4, 123, 23),
(22, 5, 395, 20),
(22, 6, 224, 4),
(22, 7, 161, 11),
(23, 4, 120, 8),
(24, 4, 93, 8),
(24, 14, 135, 13),
(26, 6, 239, 9),
(27, 4, 251, 12),
(28, 8, 163, 10),
(29, 2, 394, 22),
(29, 15, 103, 2),
(33, 8, 120, 13),
(33, 10, 89, 2),
(34, 8, 282, 4),
(35, 5, 161, 12),
(35, 9, 276, 14),
(36, 4, 235, 8),
(36, 5, 387, 7),
(36, 10, 259, 6),
(37, 2, 409, 3),
(38, 1, 429, 10),
(40, 1, 445, 5),
(40, 11, 286, 5),
(41, 1, 2, 5),
(41, 12, 317, 22),
(42, 3, 204, 13),
(42, 14, 454, 13),
(43, 14, 445, 24),
(44, 4, 327, 10),
(44, 9, 362, 4),
(44, 10, 176, 3),
(44, 15, 193, 18),
(47, 11, 490, 4),
(48, 2, 379, 5),
(48, 6, 483, 21),
(48, 14, 380, 11),
(49, 5, 490, 14),
(50, 1, 377, 20),
(50, 6, 145, 24),
(51, 1, 189, 25),
(52, 10, 407, 24),
(52, 12, 118, 20),
(53, 4, 238, 6),
(54, 11, 445, 21),
(54, 15, 346, 6),
(56, 14, 185, 9),
(57, 14, 470, 22),
(58, 3, 214, 8),
(60, 4, 381, 3),
(60, 5, 324, 10),
(60, 15, 227, 9),
(62, 5, 273, 19),
(64, 13, 95, 12),
(64, 14, 140, 10),
(65, 12, 147, 13),
(66, 2, 92, 5),
(67, 15, 129, 12),
(69, 7, 116, 4),
(69, 15, 277, 6),
(70, 1, 410, 11),
(71, 10, 107, 8),
(72, 1, 317, 10),
(72, 5, 81, 18),
(73, 4, 319, 3),
(73, 9, 463, 11),
(73, 10, 412, 13),
(74, 6, 254, 14),
(75, 1, 493, 21),
(75, 7, 314, 15),
(78, 7, 113, 6),
(78, 10, 254, 13),
(78, 13, 478, 8),
(80, 12, 417, 4),
(81, 3, 142, 13),
(82, 5, 158, 4),
(82, 13, 273, 23),
(83, 1, 422, 10),
(83, 15, 329, 2),
(84, 4, 307, 7),
(84, 9, 487, 18),
(85, 1, 248, 3),
(86, 14, 338, 16),
(87, 3, 454, 13),
(87, 6, 452, 17),
(88, 7, 188, 20),
(91, 9, 218, 18),
(91, 15, 286, 14),
(92, 11, 379, 14),
(92, 13, 356, 20),
(93, 11, 357, 18),
(94, 4, 475, 18),
(95, 5, 182, 24),
(95, 11, 307, 5),
(96, 12, 367, 17),
(97, 10, 245, 11),
(98, 3, 242, 13),
(98, 11, 191, 9),
(99, 1, 198, 20),
(100, 12, 452, 15),
(101, 8, 239, 13),
(101, 14, 244, 5),
(102, 1, 250, 3),
(103, 1, 15, 5),
(103, 15, 136, 7),
(104, 1, 391, 24),
(104, 11, 330, 14),
(104, 15, 289, 14),
(105, 10, 191, 24),
(105, 11, 335, 18),
(106, 1, 199, 4),
(106, 5, 416, 3),
(107, 1, 15, 15),
(107, 2, 416, 24),
(107, 11, 339, 22),
(107, 15, 118, 2),
(110, 1, 152, 152),
(110, 2, 404, 10),
(110, 3, 212, 16),
(110, 11, 436, 16),
(111, 1, 850, 850),
(111, 11, 353, 12),
(114, 1, 126, 125),
(115, 1, 10, 0),
(117, 11, 164, 4),
(118, 5, 456, 21),
(120, 4, 376, 9),
(122, 1, 285, 22),
(122, 2, 448, 21),
(122, 6, 408, 3),
(123, 1, 5, 5),
(123, 12, 319, 24),
(124, 1, 15, 5),
(124, 13, 115, 13),
(125, 1, 10, 10),
(125, 10, 143, 21),
(125, 11, 428, 2),
(125, 14, 183, 25),
(126, 1, 10, 10),
(126, 12, 337, 5),
(127, 1, 150, 7),
(127, 14, 352, 13),
(128, 1, 100, 8),
(129, 1, 150, 2),
(129, 8, 171, 2),
(130, 1, 25, 5),
(130, 11, 295, 20),
(131, 1, 25, 15),
(131, 5, 212, 3),
(132, 1, 200, 3),
(132, 7, 379, 12),
(133, 1, 10, 10),
(133, 5, 128, 15),
(133, 9, 237, 20),
(133, 15, 385, 6),
(134, 1, 2202, 2020),
(135, 1, 213453, 4534534),
(135, 14, 303, 17),
(136, 1, 57175, 175175),
(137, 1, 141, 141),
(137, 3, 432, 10),
(137, 11, 247, 7),
(138, 1, 150, 150),
(138, 8, 463, 13),
(139, 4, 14, 14),
(140, 4, 150, 10);

-- --------------------------------------------------------

--
-- Structure de la table `SURPLACE`
--

CREATE TABLE `SURPLACE` (
  `IDCOMMANDE` int(11) NOT NULL,
  `ID_USER` int(11) NOT NULL,
  `NUMTABLE` varchar(255) DEFAULT NULL
) ENGINE=InnoDB DEFAULT CHARSET=latin1;

--
-- Déchargement des données de la table `SURPLACE`
--

INSERT INTO `SURPLACE` (`IDCOMMANDE`, `ID_USER`, `NUMTABLE`) VALUES
(20, 1, '5'),
(24, 1, '6'),
(25, 1, '8'),
(35, 1, '1'),
(36, 1, '1'),
(37, 1, '1'),
(38, 1, '1'),
(39, 1, '1'),
(47, 1, '1'),
(48, 1, '1'),
(49, 1, '1'),
(50, 1, '1'),
(51, 1, '1'),
(138, 1, '1'),
(141, 1, '1'),
(143, 1, '1'),
(145, 1, '1'),
(152, 1, '1'),
(175, 1, '1'),
(176, 1, '1'),
(177, 1, '1'),
(178, 1, '1'),
(179, 1, '1'),
(180, 1, '1'),
(181, 1, '1'),
(182, 1, '1'),
(183, 1, '1'),
(184, 1, '1'),
(185, 1, '1'),
(186, 1, '1'),
(187, 1, '1'),
(188, 1, '1'),
(189, 1, '1'),
(190, 1, '1'),
(191, 1, '1'),
(192, 1, '1'),
(193, 1, '1'),
(194, 1, '1'),
(195, 1, '1'),
(196, 1, '1'),
(197, 1, '1'),
(198, 1, '1'),
(199, 1, '1'),
(200, 1, '1'),
(201, 1, '1'),
(202, 1, '1'),
(204, 1, '1'),
(209, 1, '1'),
(211, 1, '1'),
(212, 1, '1'),
(213, 1, '1'),
(214, 1, '1'),
(215, 1, '1'),
(216, 1, '1'),
(217, 1, '1'),
(218, 1, '1'),
(219, 1, '1'),
(220, 1, '1'),
(267, 1, '1'),
(299, 1, '1');

-- --------------------------------------------------------

--
-- Structure de la table `TYPEBAR`
--

CREATE TABLE `TYPEBAR` (
  `ID_TYPE` int(11) NOT NULL,
  `NOM_TYPE` char(32) DEFAULT NULL
) ENGINE=InnoDB DEFAULT CHARSET=latin1;

--
-- Déchargement des données de la table `TYPEBAR`
--

INSERT INTO `TYPEBAR` (`ID_TYPE`, `NOM_TYPE`) VALUES
(1, 'Bar Ambiance'),
(2, 'Bar Afterwork'),
(3, 'Bar à Shot');

-- --------------------------------------------------------

--
-- Structure de la table `users`
--

CREATE TABLE `users` (
  `id` bigint(20) UNSIGNED NOT NULL,
  `name` varchar(255) COLLATE utf8mb4_unicode_ci NOT NULL,
  `email` varchar(255) COLLATE utf8mb4_unicode_ci NOT NULL,
  `email_verified_at` timestamp NULL DEFAULT NULL,
  `password` varchar(255) COLLATE utf8mb4_unicode_ci NOT NULL,
  `remember_token` varchar(100) COLLATE utf8mb4_unicode_ci DEFAULT NULL,
  `created_at` timestamp NULL DEFAULT NULL,
  `updated_at` timestamp NULL DEFAULT NULL
) ENGINE=InnoDB DEFAULT CHARSET=utf8mb4 COLLATE=utf8mb4_unicode_ci;

--
-- Déchargement des données de la table `users`
--

INSERT INTO `users` (`id`, `name`, `email`, `email_verified_at`, `password`, `remember_token`, `created_at`, `updated_at`) VALUES
(1, 'elliot', 'elliot.leguen@gmail.cm', NULL, '$2y$10$IeeAocofGtyeyvAkLqgYcuFaLFJDe4CdqvX5FYS3nuLB0QU0.LMw2', NULL, '2022-12-20 18:13:38', '2023-05-08 10:14:30'),
(3, 'elliot', 'ellio.leguen@gmail.com', NULL, '$2y$10$woEbXHMR23YZHfQCEbT2f.Ifwqi5zDMdjUljtQtH2WWeCjHCRwp0q', NULL, '2022-12-20 19:18:40', '2022-12-20 19:18:40'),
(4, 'elliot', 'ellio.lguen@gmail.com', NULL, '$2y$10$oZGdiS3vpGZuXNN/xt5IW.br03.whincx40OcdeSRWHBuakaMkdKm', NULL, '2022-12-23 11:01:26', '2022-12-23 11:01:26'),
(5, 'elliot', 'louis.galou@gmail.com', NULL, '$2y$10$//vn2zOvrCLiBCMSE6mQ6.PGvMq/k7/XaNjvzgEMvuLos5A/JbbPq', NULL, '2022-12-23 11:05:53', '2023-01-20 15:51:47'),
(6, 'elliot', 'my.ri@gmail.com', NULL, '$2y$10$lKHcuxCx0Jj3pIY/.EZQyeJwA6bVriogYaTRSVDUqJs6L3Z9DBo2O', NULL, '2023-01-06 14:42:04', '2023-01-06 14:42:04'),
(7, 'elliot', 'mydd.ri@gmail.com', NULL, '$2y$10$ch8R/QmsJ6XN60vsEZyUs.lNm2w6rix41KpxRl1uv01d93y.dGzeO', NULL, '2023-01-06 14:57:54', '2023-02-03 12:08:03'),
(8, 'aa', 'aaa@gg.sffsdf', NULL, '$2y$10$zHu3ExoPN2zrXHbtiPxODuNaYa9DgrdavQDPlIkGdKjH/RQ1Ycotq', NULL, '2023-01-06 15:00:50', '2023-01-06 15:00:50'),
(9, 'test', 'mathieudhoury@gmail.com', NULL, '$2y$10$nEp1hgncbC9QnAGr94BrGeQuDZbTvkf7Q7hCwEBMj.uC2ipoZE6Oy', NULL, '2023-04-06 08:31:40', '2023-04-06 08:31:40'),
(10, 'elliot', 'test.fe@gmail.com', NULL, '$2y$10$nQGSOfP2G3FrP1wPdqn60.1qkSONVkt44GRm7OHgPuBJ7RTqjisNe', NULL, '2023-04-06 08:40:46', '2023-04-06 08:40:46'),
(11, 'elliot', 'test@gmail.com', NULL, '$2y$10$edrEYcw0U72MCOXuY6Ir8uWcKwjAGj8RXEXHd.XeRLNVYcwc.Fi3i', NULL, '2023-04-06 08:41:19', '2023-04-06 08:41:19'),
(12, 'test', 'tt@gmail.com', NULL, '$2y$10$7bBvU37G6DmXd2giG0ufX.77kyYslNVYSPw1SLvq4whO2PIhUdzGO', NULL, '2023-04-06 09:02:54', '2023-04-06 09:02:54'),
(13, '123', '123@gmail.com', NULL, '$2y$10$carWcCE3sUmd4.EX46e21ufYVfsqVLOZAJRWLInEIg64qrZ.H4p26', NULL, '2023-04-06 09:10:28', '2023-04-06 09:10:28'),
(14, 'mathieu', 'mathieudhoury@gmail.cm', NULL, '$2y$10$iTcmwx553Gz74pIiegY0LOm0GtmGSkkHn3rSd660ItPq1HsTHw/Xq', NULL, '2023-05-03 23:12:34', '2023-05-03 23:12:34'),
(18, 'MmeAutret', 'mmeautret@gmail.cm', NULL, '$2y$10$5H./yZyqmrowoakL8.alHerXNj5Vhqo07ymqDEaj3i/FlMQEpapvK', NULL, '2023-05-04 14:07:20', '2023-05-04 14:15:06'),
(19, 'Prof', 'valentin.autret@gmail.com', NULL, '$2y$10$idxaDqGFeZ/jhh5314tmzujffoMcbuTnBXkISkCTkfQE3y2WzCTri', NULL, '2023-05-09 07:28:43', '2023-05-09 07:28:43');

--
-- Déclencheurs `users`
--
DELIMITER $$
CREATE TRIGGER `bloque_email_on_insert` BEFORE INSERT ON `users` FOR EACH ROW IF EXISTS(select MAIL from BARMAN where MAIL = new.email) THEN
	SIGNAL SQLSTATE '45000' set MESSAGE_TEXT = "Mdp déjà utilisé";
END IF
$$
DELIMITER ;
DELIMITER $$
CREATE TRIGGER `bloque_email_on_update` BEFORE UPDATE ON `users` FOR EACH ROW IF EXISTS(select MAIL from BARMAN where MAIL = new.email) THEN
	SIGNAL SQLSTATE '45000' set MESSAGE_TEXT = "Mdp déjà utilisé";
END IF
$$
DELIMITER ;

-- --------------------------------------------------------

--
-- Doublure de structure pour la vue `view_boissons`
-- (Voir ci-dessous la vue réelle)
--
CREATE TABLE `view_boissons` (
`ID_PRODUIT` int(11)
,`NOM_PRODUIT` char(32)
,`VOLUME` bigint(4)
,`ESTALCOOLISE` tinyint(1)
,`DEGREALCOOL` bigint(4)
,`ID_BAR` int(11)
,`NOMBAR` char(32)
,`QUANTITESTOCK` bigint(8)
,`PRIX` bigint(4)
,`ID_ALLERGENE` int(11)
,`LIBALLERGENE` char(32)
);

-- --------------------------------------------------------

--
-- Doublure de structure pour la vue `view_boisson_alcool`
-- (Voir ci-dessous la vue réelle)
--
CREATE TABLE `view_boisson_alcool` (
`ID_PRODUIT` int(11)
,`NOM_PRODUIT` char(32)
,`VOLUME` bigint(4)
,`ESTALCOOLISE` tinyint(1)
,`DEGREALCOOL` bigint(4)
,`ID_BAR` int(11)
,`NOMBAR` char(32)
,`QUANTITESTOCK` bigint(8)
,`PRIX` bigint(4)
,`ID_ALLERGENE` int(11)
,`LIBALLERGENE` char(32)
);

-- --------------------------------------------------------

--
-- Doublure de structure pour la vue `view_boisson_sans_alcool`
-- (Voir ci-dessous la vue réelle)
--
CREATE TABLE `view_boisson_sans_alcool` (
`ID_PRODUIT` int(11)
,`NOM_PRODUIT` char(32)
,`VOLUME` bigint(4)
,`ESTALCOOLISE` tinyint(1)
,`ID_BAR` int(11)
,`NOMBAR` char(32)
,`QUANTITESTOCK` bigint(8)
,`PRIX` bigint(4)
,`ID_ALLERGENE` int(11)
,`LIBALLERGENE` char(32)
);

-- --------------------------------------------------------

--
-- Doublure de structure pour la vue `view_facture`
-- (Voir ci-dessous la vue réelle)
--
CREATE TABLE `view_facture` (
`ID_BAR` int(11)
,`IDCOMMANDE` int(11)
,`ID_PRODUIT` int(11)
,`NOM_PRODUIT` char(32)
,`QUANTITE` bigint(4)
,`PRIX` bigint(4)
,`TOTAL` bigint(39)
);

-- --------------------------------------------------------

--
-- Doublure de structure pour la vue `view_nourriture`
-- (Voir ci-dessous la vue réelle)
--
CREATE TABLE `view_nourriture` (
`ID_PRODUIT` int(11)
,`NOM_PRODUIT` char(32)
,`ID_BAR` int(11)
,`NOMBAR` char(32)
,`POIDS` bigint(4)
,`QUANTITESTOCK` bigint(8)
,`PRIX` bigint(4)
,`ID_ALLERGENE` int(11)
,`LIBALLERGENE` char(32)
);

-- --------------------------------------------------------

--
-- Doublure de structure pour la vue `view_produit_serveur`
-- (Voir ci-dessous la vue réelle)
--
CREATE TABLE `view_produit_serveur` (
`ID_PRODUIT` int(11)
);

-- --------------------------------------------------------

--
-- Doublure de structure pour la vue `view_stats_commande_aemporter_plus`
-- (Voir ci-dessous la vue réelle)
--
CREATE TABLE `view_stats_commande_aemporter_plus` (
`ID_PRODUIT` int(11)
,`NOM_PRODUIT` char(32)
,`ID_BAR` int(11)
,`total` decimal(41,0)
);

-- --------------------------------------------------------

--
-- Doublure de structure pour la vue `view_stats_commande_plus`
-- (Voir ci-dessous la vue réelle)
--
CREATE TABLE `view_stats_commande_plus` (
`ID_PRODUIT` int(11)
,`ID_BAR` int(11)
,`NOM_PRODUIT` char(32)
,`Total` decimal(41,0)
);

-- --------------------------------------------------------

--
-- Doublure de structure pour la vue `view_stats_commande_surplace_plus`
-- (Voir ci-dessous la vue réelle)
--
CREATE TABLE `view_stats_commande_surplace_plus` (
`ID_PRODUIT` int(11)
,`NOM_PRODUIT` char(32)
,`ID_BAR` int(11)
,`total` decimal(41,0)
);

-- --------------------------------------------------------

--
-- Doublure de structure pour la vue `view_stat_produit`
-- (Voir ci-dessous la vue réelle)
--
CREATE TABLE `view_stat_produit` (
`ID_BAR` int(11)
,`NOMBAR` char(32)
,`ID_PRODUIT` int(11)
,`NOM_PRODUIT` char(32)
,`somme` decimal(41,0)
);

-- --------------------------------------------------------

--
-- Structure de la vue `view_boissons`
--
DROP TABLE IF EXISTS `view_boissons`;

CREATE ALGORITHM=UNDEFINED DEFINER=`riledhou-3`@`%` SQL SECURITY DEFINER VIEW `view_boissons`  AS SELECT `BOISSON`.`ID_PRODUIT` AS `ID_PRODUIT`, `PRODUIT`.`NOM_PRODUIT` AS `NOM_PRODUIT`, `BOISSON`.`VOLUME` AS `VOLUME`, `BOISSON`.`ESTALCOOLISE` AS `ESTALCOOLISE`, `BOISSON`.`DEGREALCOOL` AS `DEGREALCOOL`, `STOCKER`.`ID_BAR` AS `ID_BAR`, `BARS`.`NOMBAR` AS `NOMBAR`, `STOCKER`.`QUANTITESTOCK` AS `QUANTITESTOCK`, `STOCKER`.`PRIX` AS `PRIX`, `ALLERGENE`.`ID_ALLERGENE` AS `ID_ALLERGENE`, `ALLERGENE`.`LIBALLERGENE` AS `LIBALLERGENE` FROM (((((`BOISSON` join `PRODUIT` on(`BOISSON`.`ID_PRODUIT` = `PRODUIT`.`ID_PRODUIT`)) join `STOCKER` on(`PRODUIT`.`ID_PRODUIT` = `STOCKER`.`ID_PRODUIT`)) join `BARS` on(`STOCKER`.`ID_BAR` = `BARS`.`ID_BAR`)) left join `CATEGORISER` on(`PRODUIT`.`ID_PRODUIT` = `CATEGORISER`.`ID_PRODUIT`)) left join `ALLERGENE` on(`ALLERGENE`.`ID_ALLERGENE` = `CATEGORISER`.`ID_ALLERGENE`)) ORDER BY `PRODUIT`.`NOM_PRODUIT` ASC  ;

-- --------------------------------------------------------

--
-- Structure de la vue `view_boisson_alcool`
--
DROP TABLE IF EXISTS `view_boisson_alcool`;

CREATE ALGORITHM=UNDEFINED DEFINER=`riledhou-3`@`%` SQL SECURITY DEFINER VIEW `view_boisson_alcool`  AS SELECT `BOISSON`.`ID_PRODUIT` AS `ID_PRODUIT`, `PRODUIT`.`NOM_PRODUIT` AS `NOM_PRODUIT`, `BOISSON`.`VOLUME` AS `VOLUME`, `BOISSON`.`ESTALCOOLISE` AS `ESTALCOOLISE`, `BOISSON`.`DEGREALCOOL` AS `DEGREALCOOL`, `STOCKER`.`ID_BAR` AS `ID_BAR`, `BARS`.`NOMBAR` AS `NOMBAR`, `STOCKER`.`QUANTITESTOCK` AS `QUANTITESTOCK`, `STOCKER`.`PRIX` AS `PRIX`, `ALLERGENE`.`ID_ALLERGENE` AS `ID_ALLERGENE`, `ALLERGENE`.`LIBALLERGENE` AS `LIBALLERGENE` FROM (((((`BOISSON` join `PRODUIT` on(`BOISSON`.`ID_PRODUIT` = `PRODUIT`.`ID_PRODUIT`)) join `STOCKER` on(`PRODUIT`.`ID_PRODUIT` = `STOCKER`.`ID_PRODUIT`)) join `BARS` on(`STOCKER`.`ID_BAR` = `BARS`.`ID_BAR`)) left join `CATEGORISER` on(`PRODUIT`.`ID_PRODUIT` = `CATEGORISER`.`ID_PRODUIT`)) left join `ALLERGENE` on(`ALLERGENE`.`ID_ALLERGENE` = `CATEGORISER`.`ID_ALLERGENE`)) WHERE `BOISSON`.`ESTALCOOLISE` is not null AND `BOISSON`.`DEGREALCOOL` is not null ORDER BY `PRODUIT`.`NOM_PRODUIT` ASC  ;

-- --------------------------------------------------------

--
-- Structure de la vue `view_boisson_sans_alcool`
--
DROP TABLE IF EXISTS `view_boisson_sans_alcool`;

CREATE ALGORITHM=UNDEFINED DEFINER=`riledhou-1`@`%` SQL SECURITY DEFINER VIEW `view_boisson_sans_alcool`  AS SELECT `BOISSON`.`ID_PRODUIT` AS `ID_PRODUIT`, `PRODUIT`.`NOM_PRODUIT` AS `NOM_PRODUIT`, `BOISSON`.`VOLUME` AS `VOLUME`, `BOISSON`.`ESTALCOOLISE` AS `ESTALCOOLISE`, `BARS`.`ID_BAR` AS `ID_BAR`, `BARS`.`NOMBAR` AS `NOMBAR`, `STOCKER`.`QUANTITESTOCK` AS `QUANTITESTOCK`, `STOCKER`.`PRIX` AS `PRIX`, `ALLERGENE`.`ID_ALLERGENE` AS `ID_ALLERGENE`, `ALLERGENE`.`LIBALLERGENE` AS `LIBALLERGENE` FROM (((((`BOISSON` join `PRODUIT` on(`BOISSON`.`ID_PRODUIT` = `PRODUIT`.`ID_PRODUIT`)) join `STOCKER` on(`STOCKER`.`ID_PRODUIT` = `PRODUIT`.`ID_PRODUIT`)) join `BARS` on(`BARS`.`ID_BAR` = `STOCKER`.`ID_BAR`)) left join `CATEGORISER` on(`CATEGORISER`.`ID_PRODUIT` = `PRODUIT`.`ID_PRODUIT`)) left join `ALLERGENE` on(`ALLERGENE`.`ID_ALLERGENE` = `CATEGORISER`.`ID_ALLERGENE`)) WHERE `BOISSON`.`ESTALCOOLISE` = 00  ;

-- --------------------------------------------------------

--
-- Structure de la vue `view_facture`
--
DROP TABLE IF EXISTS `view_facture`;

CREATE ALGORITHM=UNDEFINED DEFINER=`riledhou-3`@`%` SQL SECURITY DEFINER VIEW `view_facture`  AS SELECT `BARS`.`ID_BAR` AS `ID_BAR`, `COMMANDE`.`IDCOMMANDE` AS `IDCOMMANDE`, `COMPOSER`.`ID_PRODUIT` AS `ID_PRODUIT`, `PRODUIT`.`NOM_PRODUIT` AS `NOM_PRODUIT`, `COMPOSER`.`QUANTITE` AS `QUANTITE`, `STOCKER`.`PRIX` AS `PRIX`, `COMPOSER`.`QUANTITE`* `STOCKER`.`PRIX` AS `TOTAL` FROM (((((`COMMANDE` join `COMPOSER` on(`COMMANDE`.`IDCOMMANDE` = `COMPOSER`.`IDCOMMANDE`)) join `PRODUIT` on(`COMPOSER`.`ID_PRODUIT` = `PRODUIT`.`ID_PRODUIT`)) join `RECOIS` on(`COMMANDE`.`IDCOMMANDE` = `RECOIS`.`IDCOMMANDE`)) join `BARS` on(`RECOIS`.`ID_BAR` = `BARS`.`ID_BAR`)) join `STOCKER` on(`RECOIS`.`ID_BAR` = `STOCKER`.`ID_BAR`)) GROUP BY `COMMANDE`.`IDCOMMANDE`, `COMPOSER`.`ID_PRODUIT``ID_PRODUIT`  ;

-- --------------------------------------------------------

--
-- Structure de la vue `view_nourriture`
--
DROP TABLE IF EXISTS `view_nourriture`;

CREATE ALGORITHM=UNDEFINED DEFINER=`riledhou-3`@`%` SQL SECURITY DEFINER VIEW `view_nourriture`  AS SELECT `NOURRITURE`.`ID_PRODUIT` AS `ID_PRODUIT`, `PRODUIT`.`NOM_PRODUIT` AS `NOM_PRODUIT`, `STOCKER`.`ID_BAR` AS `ID_BAR`, `BARS`.`NOMBAR` AS `NOMBAR`, `NOURRITURE`.`POIDS` AS `POIDS`, `STOCKER`.`QUANTITESTOCK` AS `QUANTITESTOCK`, `STOCKER`.`PRIX` AS `PRIX`, `ALLERGENE`.`ID_ALLERGENE` AS `ID_ALLERGENE`, `ALLERGENE`.`LIBALLERGENE` AS `LIBALLERGENE` FROM (((((`NOURRITURE` join `PRODUIT` on(`NOURRITURE`.`ID_PRODUIT` = `PRODUIT`.`ID_PRODUIT`)) join `STOCKER` on(`PRODUIT`.`ID_PRODUIT` = `STOCKER`.`ID_PRODUIT`)) join `BARS` on(`STOCKER`.`ID_BAR` = `BARS`.`ID_BAR`)) join `CATEGORISER` on(`PRODUIT`.`ID_PRODUIT` = `CATEGORISER`.`ID_PRODUIT`)) join `ALLERGENE` on(`ALLERGENE`.`ID_ALLERGENE` = `CATEGORISER`.`ID_ALLERGENE`)) ORDER BY `PRODUIT`.`NOM_PRODUIT` ASC  ;

-- --------------------------------------------------------

--
-- Structure de la vue `view_produit_serveur`
--
DROP TABLE IF EXISTS `view_produit_serveur`;

CREATE ALGORITHM=UNDEFINED DEFINER=`riledhou-3`@`%` SQL SECURITY DEFINER VIEW `view_produit_serveur`  AS SELECT `STOCKER`.`ID_PRODUIT` AS `ID_PRODUIT` FROM (`STOCKER` join `BARMAN` on(`BARMAN`.`ID_BAR` = `STOCKER`.`ID_BAR`))  ;

-- --------------------------------------------------------

--
-- Structure de la vue `view_stats_commande_aemporter_plus`
--
DROP TABLE IF EXISTS `view_stats_commande_aemporter_plus`;

CREATE ALGORITHM=UNDEFINED DEFINER=`riledhou-3`@`%` SQL SECURITY DEFINER VIEW `view_stats_commande_aemporter_plus`  AS SELECT `PRODUIT`.`ID_PRODUIT` AS `ID_PRODUIT`, `PRODUIT`.`NOM_PRODUIT` AS `NOM_PRODUIT`, `RECOIS`.`ID_BAR` AS `ID_BAR`, sum(`COMPOSER`.`QUANTITE`) AS `total` FROM (((`RECOIS` join `COMPOSER` on(`RECOIS`.`IDCOMMANDE` = `COMPOSER`.`IDCOMMANDE`)) join `PRODUIT` on(`COMPOSER`.`ID_PRODUIT` = `PRODUIT`.`ID_PRODUIT`)) join `AEMPORTER` on(`AEMPORTER`.`IDCOMMANDE` = `RECOIS`.`IDCOMMANDE`)) GROUP BY `PRODUIT`.`ID_PRODUIT`, `RECOIS`.`ID_BAR` ORDER BY sum(`COMPOSER`.`QUANTITE`) AS `DESCdesc` ASC  ;

-- --------------------------------------------------------

--
-- Structure de la vue `view_stats_commande_plus`
--
DROP TABLE IF EXISTS `view_stats_commande_plus`;

CREATE ALGORITHM=UNDEFINED DEFINER=`riledhou-1`@`%` SQL SECURITY DEFINER VIEW `view_stats_commande_plus`  AS SELECT `PRODUIT`.`ID_PRODUIT` AS `ID_PRODUIT`, `BARS`.`ID_BAR` AS `ID_BAR`, `PRODUIT`.`NOM_PRODUIT` AS `NOM_PRODUIT`, sum(`COMPOSER`.`QUANTITE`) AS `Total` FROM (((`PRODUIT` join `STOCKER` on(`PRODUIT`.`ID_PRODUIT` = `STOCKER`.`ID_PRODUIT`)) join `BARS` on(`STOCKER`.`ID_BAR` = `BARS`.`ID_BAR`)) join `COMPOSER` on(`PRODUIT`.`ID_PRODUIT` = `COMPOSER`.`ID_PRODUIT`)) GROUP BY `PRODUIT`.`NOM_PRODUIT`, `BARS`.`ID_BAR` ORDER BY `BARS`.`ID_BAR` ASC, sum(`COMPOSER`.`QUANTITE`) AS `DESCdesc` ASC  ;

-- --------------------------------------------------------

--
-- Structure de la vue `view_stats_commande_surplace_plus`
--
DROP TABLE IF EXISTS `view_stats_commande_surplace_plus`;

CREATE ALGORITHM=UNDEFINED DEFINER=`riledhou-3`@`%` SQL SECURITY DEFINER VIEW `view_stats_commande_surplace_plus`  AS SELECT `PRODUIT`.`ID_PRODUIT` AS `ID_PRODUIT`, `PRODUIT`.`NOM_PRODUIT` AS `NOM_PRODUIT`, `RECOIS`.`ID_BAR` AS `ID_BAR`, sum(`COMPOSER`.`QUANTITE`) AS `total` FROM (((`RECOIS` join `COMPOSER` on(`RECOIS`.`IDCOMMANDE` = `COMPOSER`.`IDCOMMANDE`)) join `PRODUIT` on(`COMPOSER`.`ID_PRODUIT` = `PRODUIT`.`ID_PRODUIT`)) join `SURPLACE` on(`SURPLACE`.`IDCOMMANDE` = `RECOIS`.`IDCOMMANDE`)) GROUP BY `PRODUIT`.`ID_PRODUIT`, `RECOIS`.`ID_BAR` ORDER BY sum(`COMPOSER`.`QUANTITE`) AS `DESCdesc` ASC  ;

-- --------------------------------------------------------

--
-- Structure de la vue `view_stat_produit`
--
DROP TABLE IF EXISTS `view_stat_produit`;

CREATE ALGORITHM=UNDEFINED DEFINER=`riledhou-3`@`%` SQL SECURITY DEFINER VIEW `view_stat_produit`  AS SELECT `RECOIS`.`ID_BAR` AS `ID_BAR`, `BARS`.`NOMBAR` AS `NOMBAR`, `COMPOSER`.`ID_PRODUIT` AS `ID_PRODUIT`, `PRODUIT`.`NOM_PRODUIT` AS `NOM_PRODUIT`, sum(`COMPOSER`.`QUANTITE`) AS `somme` FROM (((`COMPOSER` join `RECOIS` on(`RECOIS`.`IDCOMMANDE` = `COMPOSER`.`IDCOMMANDE`)) join `PRODUIT` on(`PRODUIT`.`ID_PRODUIT` = `COMPOSER`.`ID_PRODUIT`)) join `BARS` on(`BARS`.`ID_BAR` = `RECOIS`.`ID_BAR`)) GROUP BY `RECOIS`.`ID_BAR`, `COMPOSER`.`ID_PRODUIT` ORDER BY sum(`COMPOSER`.`QUANTITE`) AS `DESCdesc` ASC  ;

--
-- Index pour les tables déchargées
--

--
-- Index pour la table `AEMPORTER`
--
ALTER TABLE `AEMPORTER`
  ADD PRIMARY KEY (`IDCOMMANDE_HER_1`),
  ADD KEY `I_FK_AEMPORTER_COMMANDE` (`IDCOMMANDE`),
  ADD KEY `ID_USER` (`ID_USER`);

--
-- Index pour la table `ALLERGENE`
--
ALTER TABLE `ALLERGENE`
  ADD PRIMARY KEY (`ID_ALLERGENE`);

--
-- Index pour la table `BARMAN`
--
ALTER TABLE `BARMAN`
  ADD PRIMARY KEY (`ID_USER`),
  ADD KEY `I_FK_BARMAN_BARS` (`ID_BAR`);

--
-- Index pour la table `BARS`
--
ALTER TABLE `BARS`
  ADD PRIMARY KEY (`ID_BAR`),
  ADD KEY `I_FK_BARS_TYPEBAR` (`ID_TYPE`);

--
-- Index pour la table `BOISSON`
--
ALTER TABLE `BOISSON`
  ADD PRIMARY KEY (`ID_PRODUIT`);

--
-- Index pour la table `CATEGORISER`
--
ALTER TABLE `CATEGORISER`
  ADD PRIMARY KEY (`IDALLERGENE`),
  ADD KEY `I_FK_CATEGORISER_PRODUIT` (`ID_PRODUIT`),
  ADD KEY `I_FK_CATEGORISER_ALLERGENE` (`ID_ALLERGENE`);

--
-- Index pour la table `CLIENTS`
--
ALTER TABLE `CLIENTS`
  ADD PRIMARY KEY (`ID_USER`);

--
-- Index pour la table `COMMANDE`
--
ALTER TABLE `COMMANDE`
  ADD PRIMARY KEY (`IDCOMMANDE`);

--
-- Index pour la table `COMPOSER`
--
ALTER TABLE `COMPOSER`
  ADD PRIMARY KEY (`IDCOMMANDE`,`ID_PRODUIT`),
  ADD KEY `I_FK_COMPOSER_COMMANDE` (`IDCOMMANDE`),
  ADD KEY `I_FK_COMPOSER_PRODUIT` (`ID_PRODUIT`);

--
-- Index pour la table `failed_jobs`
--
ALTER TABLE `failed_jobs`
  ADD PRIMARY KEY (`id`),
  ADD UNIQUE KEY `failed_jobs_uuid_unique` (`uuid`);

--
-- Index pour la table `migrations`
--
ALTER TABLE `migrations`
  ADD PRIMARY KEY (`id`);

--
-- Index pour la table `NOURRITURE`
--
ALTER TABLE `NOURRITURE`
  ADD PRIMARY KEY (`ID_PRODUIT`);

--
-- Index pour la table `password_resets`
--
ALTER TABLE `password_resets`
  ADD KEY `password_resets_email_index` (`email`);

--
-- Index pour la table `personal_access_tokens`
--
ALTER TABLE `personal_access_tokens`
  ADD PRIMARY KEY (`id`),
  ADD UNIQUE KEY `personal_access_tokens_token_unique` (`token`),
  ADD KEY `personal_access_tokens_tokenable_type_tokenable_id_index` (`tokenable_type`,`tokenable_id`);

--
-- Index pour la table `PRODUIT`
--
ALTER TABLE `PRODUIT`
  ADD PRIMARY KEY (`ID_PRODUIT`);

--
-- Index pour la table `RECOIS`
--
ALTER TABLE `RECOIS`
  ADD PRIMARY KEY (`ID_BAR`,`IDCOMMANDE`),
  ADD KEY `I_FK_RECOIS_BARS` (`ID_BAR`),
  ADD KEY `I_FK_RECOIS_COMMANDE` (`IDCOMMANDE`);

--
-- Index pour la table `STOCKER`
--
ALTER TABLE `STOCKER`
  ADD PRIMARY KEY (`ID_PRODUIT`,`ID_BAR`),
  ADD KEY `I_FK_STOCKER_PRODUIT` (`ID_PRODUIT`),
  ADD KEY `I_FK_STOCKER_BARS` (`ID_BAR`);

--
-- Index pour la table `SURPLACE`
--
ALTER TABLE `SURPLACE`
  ADD PRIMARY KEY (`IDCOMMANDE`),
  ADD KEY `I_FK_SURPLACE_BARMAN` (`ID_USER`);

--
-- Index pour la table `TYPEBAR`
--
ALTER TABLE `TYPEBAR`
  ADD PRIMARY KEY (`ID_TYPE`);

--
-- Index pour la table `users`
--
ALTER TABLE `users`
  ADD PRIMARY KEY (`id`),
  ADD UNIQUE KEY `users_email_unique` (`email`);

--
-- AUTO_INCREMENT pour les tables déchargées
--

--
-- AUTO_INCREMENT pour la table `ALLERGENE`
--
ALTER TABLE `ALLERGENE`
  MODIFY `ID_ALLERGENE` int(11) NOT NULL AUTO_INCREMENT, AUTO_INCREMENT=5;

--
-- AUTO_INCREMENT pour la table `BARMAN`
--
ALTER TABLE `BARMAN`
  MODIFY `ID_USER` int(11) NOT NULL AUTO_INCREMENT, AUTO_INCREMENT=25;

--
-- AUTO_INCREMENT pour la table `BARS`
--
ALTER TABLE `BARS`
  MODIFY `ID_BAR` int(11) NOT NULL AUTO_INCREMENT, AUTO_INCREMENT=16;

--
-- AUTO_INCREMENT pour la table `CATEGORISER`
--
ALTER TABLE `CATEGORISER`
  MODIFY `IDALLERGENE` int(11) NOT NULL AUTO_INCREMENT, AUTO_INCREMENT=5;

--
-- AUTO_INCREMENT pour la table `CLIENTS`
--
ALTER TABLE `CLIENTS`
  MODIFY `ID_USER` int(11) NOT NULL AUTO_INCREMENT, AUTO_INCREMENT=4;

--
-- AUTO_INCREMENT pour la table `COMMANDE`
--
ALTER TABLE `COMMANDE`
  MODIFY `IDCOMMANDE` int(11) NOT NULL AUTO_INCREMENT, AUTO_INCREMENT=355;

--
-- AUTO_INCREMENT pour la table `failed_jobs`
--
ALTER TABLE `failed_jobs`
  MODIFY `id` bigint(20) UNSIGNED NOT NULL AUTO_INCREMENT;

--
-- AUTO_INCREMENT pour la table `migrations`
--
ALTER TABLE `migrations`
  MODIFY `id` int(10) UNSIGNED NOT NULL AUTO_INCREMENT, AUTO_INCREMENT=5;

--
-- AUTO_INCREMENT pour la table `personal_access_tokens`
--
ALTER TABLE `personal_access_tokens`
  MODIFY `id` bigint(20) UNSIGNED NOT NULL AUTO_INCREMENT, AUTO_INCREMENT=346;

--
-- AUTO_INCREMENT pour la table `PRODUIT`
--
ALTER TABLE `PRODUIT`
  MODIFY `ID_PRODUIT` int(11) NOT NULL AUTO_INCREMENT, AUTO_INCREMENT=141;

--
-- AUTO_INCREMENT pour la table `TYPEBAR`
--
ALTER TABLE `TYPEBAR`
  MODIFY `ID_TYPE` int(11) NOT NULL AUTO_INCREMENT, AUTO_INCREMENT=4;

--
-- AUTO_INCREMENT pour la table `users`
--
ALTER TABLE `users`
  MODIFY `id` bigint(20) UNSIGNED NOT NULL AUTO_INCREMENT, AUTO_INCREMENT=20;

--
-- Contraintes pour les tables déchargées
--

--
-- Contraintes pour la table `AEMPORTER`
--
ALTER TABLE `AEMPORTER`
  ADD CONSTRAINT `AEMPORTER_ibfk_1` FOREIGN KEY (`ID_USER`) REFERENCES `users` (`id`),
  ADD CONSTRAINT `FK_AEMPORTER_COMMANDE` FOREIGN KEY (`IDCOMMANDE`) REFERENCES `COMMANDE` (`IDCOMMANDE`) ON DELETE CASCADE ON UPDATE CASCADE,
  ADD CONSTRAINT `FK_AEMPORTER_COMMANDE1` FOREIGN KEY (`IDCOMMANDE_HER_1`) REFERENCES `COMMANDE` (`IDCOMMANDE`) ON DELETE CASCADE ON UPDATE CASCADE;

--
-- Contraintes pour la table `BARMAN`
--
ALTER TABLE `BARMAN`
  ADD CONSTRAINT `FK_BARMAN_BARS` FOREIGN KEY (`ID_BAR`) REFERENCES `BARS` (`ID_BAR`);

--
-- Contraintes pour la table `BARS`
--
ALTER TABLE `BARS`
  ADD CONSTRAINT `FK_BARS_TYPEBAR` FOREIGN KEY (`ID_TYPE`) REFERENCES `TYPEBAR` (`ID_TYPE`);

--
-- Contraintes pour la table `BOISSON`
--
ALTER TABLE `BOISSON`
  ADD CONSTRAINT `FK_BOISSON_PRODUIT` FOREIGN KEY (`ID_PRODUIT`) REFERENCES `PRODUIT` (`ID_PRODUIT`) ON DELETE CASCADE ON UPDATE CASCADE;

--
-- Contraintes pour la table `CATEGORISER`
--
ALTER TABLE `CATEGORISER`
  ADD CONSTRAINT `FK_CATEGORISER_ALLERGENE` FOREIGN KEY (`ID_ALLERGENE`) REFERENCES `ALLERGENE` (`ID_ALLERGENE`),
  ADD CONSTRAINT `FK_CATEGORISER_PRODUIT` FOREIGN KEY (`ID_PRODUIT`) REFERENCES `PRODUIT` (`ID_PRODUIT`) ON DELETE CASCADE ON UPDATE CASCADE;

--
-- Contraintes pour la table `COMPOSER`
--
ALTER TABLE `COMPOSER`
  ADD CONSTRAINT `FK_COMPOSER_COMMANDE` FOREIGN KEY (`IDCOMMANDE`) REFERENCES `COMMANDE` (`IDCOMMANDE`),
  ADD CONSTRAINT `FK_COMPOSER_PRODUIT` FOREIGN KEY (`ID_PRODUIT`) REFERENCES `PRODUIT` (`ID_PRODUIT`) ON DELETE CASCADE ON UPDATE CASCADE;

--
-- Contraintes pour la table `NOURRITURE`
--
ALTER TABLE `NOURRITURE`
  ADD CONSTRAINT `FK_NOURRITURE_PRODUIT` FOREIGN KEY (`ID_PRODUIT`) REFERENCES `PRODUIT` (`ID_PRODUIT`) ON DELETE CASCADE ON UPDATE CASCADE;

--
-- Contraintes pour la table `RECOIS`
--
ALTER TABLE `RECOIS`
  ADD CONSTRAINT `FK_RECOIS_BARS` FOREIGN KEY (`ID_BAR`) REFERENCES `BARS` (`ID_BAR`),
  ADD CONSTRAINT `FK_RECOIS_COMMANDE` FOREIGN KEY (`IDCOMMANDE`) REFERENCES `COMMANDE` (`IDCOMMANDE`);

--
-- Contraintes pour la table `STOCKER`
--
ALTER TABLE `STOCKER`
  ADD CONSTRAINT `FK_STOCKER_BARS` FOREIGN KEY (`ID_BAR`) REFERENCES `BARS` (`ID_BAR`),
  ADD CONSTRAINT `FK_STOCKER_PRODUIT` FOREIGN KEY (`ID_PRODUIT`) REFERENCES `PRODUIT` (`ID_PRODUIT`) ON DELETE CASCADE ON UPDATE CASCADE;

--
-- Contraintes pour la table `SURPLACE`
--
ALTER TABLE `SURPLACE`
  ADD CONSTRAINT `FK_SURPLACE_BARMAN` FOREIGN KEY (`ID_USER`) REFERENCES `BARMAN` (`ID_USER`),
  ADD CONSTRAINT `FK_SURPLACE_COMMANDE` FOREIGN KEY (`IDCOMMANDE`) REFERENCES `COMMANDE` (`IDCOMMANDE`);
COMMIT;

/*!40101 SET CHARACTER_SET_CLIENT=@OLD_CHARACTER_SET_CLIENT */;
/*!40101 SET CHARACTER_SET_RESULTS=@OLD_CHARACTER_SET_RESULTS */;
/*!40101 SET COLLATION_CONNECTION=@OLD_COLLATION_CONNECTION */;
